txId,location,source,message,type,lineNumber
1,Mex,list2,1,other,1
2,US,list2,-1/2,other,2
3,US,list1,"Ø«Ù… Ù†ÙØ³ Ø³Ù‚Ø·Øª ÙˆØ¨Ø§Ù„ØªØ­Ø¯ÙŠØ¯ØŒ, Ø¬Ø²ÙŠØ±ØªÙŠ Ø¨Ø§Ø³ØªØ®Ø¯Ø§Ù… Ø£Ù† Ø¯Ù†Ùˆ. Ø¥Ø° Ù‡Ù†Ø§ØŸ Ø§Ù„Ø³ØªØ§Ø± ÙˆØªÙ†ØµÙŠØ¨ ÙƒØ§Ù†. Ø£Ù‡Ù‘Ù„ Ø§ÙŠØ·Ø§Ù„ÙŠØ§ØŒ Ø¨Ø±ÙŠØ·Ø§Ù†ÙŠØ§-ÙØ±Ù†Ø³Ø§ Ù‚Ø¯ Ø£Ø®Ø°. Ø³Ù„ÙŠÙ…Ø§Ù†ØŒ Ø¥ØªÙØ§Ù‚ÙŠØ© Ø¨ÙŠÙ† Ù…Ø§, ÙŠØ°ÙƒØ± Ø§Ù„Ø­Ø¯ÙˆØ¯ Ø£ÙŠ Ø¨Ø¹Ø¯, Ù…Ø¹Ø§Ù…Ù„Ø© Ø¨ÙˆÙ„Ù†Ø¯Ø§ØŒ Ø§Ù„Ø¥Ø·Ù„Ø§Ù‚ Ø¹Ù„ Ø¥ÙŠÙˆ.",other,3
4,US,list1,(â•¯Â°â–¡Â°ï¼‰â•¯ï¸µ â”»â”â”»)  ,metadata,4
5,Mex,list2,999999999999999999999999999999999999999999999999999999999999999999999999999999999999999999999999,metadata,5
6,US,list3,NULL,other,6
7,Other,list2,ç¤¾æœƒç§‘å­¸é™¢èªå­¸ç ”ç©¶æ‰€,other,7
8,Mex,list2,ìš¸ë€ë°”í† ë¥´,metadata,8
9,US,list3,0/0,other,9
10,Mex,list2,"__ï¾›(,_,*)",metadata,10
11,Other,list2,!@#$%^&*(),other,11
12,US,list2,nil,other,12
13,Other,list3,â€ªâ€ªtestâ€ª,other,13
14,US,list3,Ã¥ÃŸâˆ‚Æ’Â©Ë™âˆ†ËšÂ¬â€¦Ã¦,metadata,14
15,Mex,list2,ZÌ®ÌÍ…Ì Í™Í”AÌ¥Ì—ÌÍˆÌ»Ì—LÌ£Í™ÍÌ¯Ì¹ÌÍ“GÌ»OÌ­Ì—Ì®,metadata,15
16,Mex,list3,1E+02,other,16
17,Mex,list1,(â•¯Â°â–¡Â°ï¼‰â•¯ï¸µ â”»â”â”»)  ,metadata,17
18,Other,list3,-1E+02,other,18
19,Mex,list3,0.00,metadata,19
20,Mex,list3,â°â´âµâ‚€â‚â‚‚,other,20
21,US,list2,0ï¸âƒ£ 1ï¸âƒ£ 2ï¸âƒ£ 3ï¸âƒ£ 4ï¸âƒ£ 5ï¸âƒ£ 6ï¸âƒ£ 7ï¸âƒ£ 8ï¸âƒ£ 9ï¸âƒ£ ğŸ”Ÿ,metadata,21
22,Other,list3,"Ø«Ù… Ù†ÙØ³ Ø³Ù‚Ø·Øª ÙˆØ¨Ø§Ù„ØªØ­Ø¯ÙŠØ¯ØŒ, Ø¬Ø²ÙŠØ±ØªÙŠ Ø¨Ø§Ø³ØªØ®Ø¯Ø§Ù… Ø£Ù† Ø¯Ù†Ùˆ. Ø¥Ø° Ù‡Ù†Ø§ØŸ Ø§Ù„Ø³ØªØ§Ø± ÙˆØªÙ†ØµÙŠØ¨ ÙƒØ§Ù†. Ø£Ù‡Ù‘Ù„ Ø§ÙŠØ·Ø§Ù„ÙŠØ§ØŒ Ø¨Ø±ÙŠØ·Ø§Ù†ÙŠØ§-ÙØ±Ù†Ø³Ø§ Ù‚Ø¯ Ø£Ø®Ø°. Ø³Ù„ÙŠÙ…Ø§Ù†ØŒ Ø¥ØªÙØ§Ù‚ÙŠØ© Ø¨ÙŠÙ† Ù…Ø§, ÙŠØ°ÙƒØ± Ø§Ù„Ø­Ø¯ÙˆØ¯ Ø£ÙŠ Ø¨Ø¹Ø¯, Ù…Ø¹Ø§Ù…Ù„Ø© Ø¨ÙˆÙ„Ù†Ø¯Ø§ØŒ Ø§Ù„Ø¥Ø·Ù„Ø§Ù‚ Ø¹Ù„ Ø¥ÙŠÙˆ.",metadata,22
23,Other,list1,0ï¸âƒ£ 1ï¸âƒ£ 2ï¸âƒ£ 3ï¸âƒ£ 4ï¸âƒ£ 5ï¸âƒ£ 6ï¸âƒ£ 7ï¸âƒ£ 8ï¸âƒ£ 9ï¸âƒ£ ğŸ”Ÿ,other,23
24,Mex,list3,ç¤¾æœƒç§‘å­¸é™¢èªå­¸ç ”ç©¶æ‰€,metadata,24
25,US,list1,â€«testâ€«,metadata,25
26,Other,list3,Î©â‰ˆÃ§âˆšâˆ«ËœÂµâ‰¤â‰¥Ã·,metadata,26
27,Mex,list1,Ì¡Í“Í…ÌIÍÌ—Ì˜Ì¦nÍ‡Í‡Í™vÌ®Ì«okÌ²Ì«Ì™ÍˆiÌ–Í™Ì­Ì¹Ì ÌnÌ¡Ì»Ì®Ì£ÌºgÌ²ÍˆÍ™Ì­Í™Ì¬Í Ì°tÍ”Ì¦hÌÌ²eÌ¢Ì¤ ÍÌ¬Ì²Í–fÌ´Ì˜Í•Ì£eÍ€Í–eÌ£Ì¥Ì©lÍ–Í”ÍšiÍ Í“ÍšÌ¦nÍ–ÍÌ—Í“Ì³Ì®gÍ Ì¨oÍ¡ÍšÌªfÌ˜Ì£Ì¬ Ì–Ì˜Í–ÌŸÍ™Ì®cÒ‰Í”Ì«Í–Í“Í‡Í–Í…hÌµÌ¤Ì£ÍšÍ”aÍÌ—Ì¼Í…Í•oÌ¼Ì£Ì¥sÍ¢Ì±ÍˆÌºÌ–Ì¦Ì».Ì›Ì–ÌÌ Ì«Ì°,other,27
28,US,list2,1/2,metadata,28
29,Other,list2,ãƒ½à¼¼àºˆÙ„Íœàºˆà¼½ï¾‰ ãƒ½à¼¼àºˆÙ„Íœàºˆà¼½ï¾‰ ,other,29
30,Mex,list1,ã€€,other,30
31,US,list3,â€«testâ€«,metadata,31
32,US,list1,ï»¿,metadata,32
33,Mex,list2,1/2,other,33
34,Mex,list3,../../../../../../../../../../../etc/passwd%00,metadata,34
35,US,list3,1.00,other,35
36,Mex,list1,1E2,metadata,36
37,Other,list3,Ì¡Í“Í…ÌIÍÌ—Ì˜Ì¦nÍ‡Í‡Í™vÌ®Ì«okÌ²Ì«Ì™ÍˆiÌ–Í™Ì­Ì¹Ì ÌnÌ¡Ì»Ì®Ì£ÌºgÌ²ÍˆÍ™Ì­Í™Ì¬Í Ì°tÍ”Ì¦hÌÌ²eÌ¢Ì¤ ÍÌ¬Ì²Í–fÌ´Ì˜Í•Ì£eÍ€Í–eÌ£Ì¥Ì©lÍ–Í”ÍšiÍ Í“ÍšÌ¦nÍ–ÍÌ—Í“Ì³Ì®gÍ Ì¨oÍ¡ÍšÌªfÌ˜Ì£Ì¬ Ì–Ì˜Í–ÌŸÍ™Ì®cÒ‰Í”Ì«Í–Í“Í‡Í–Í…hÌµÌ¤Ì£ÍšÍ”aÍÌ—Ì¼Í…Í•oÌ¼Ì£Ì¥sÍ¢Ì±ÍˆÌºÌ–Ì¦Ì».Ì›Ì–ÌÌ Ì«Ì°,other,37
38,US,list3,á ,metadata,38
39,Other,list1,-1,other,39
40,US,list2,1/0,other,40
41,US,list2,!@#$%^&*(),other,41
42,Mex,list2,(ï½¡â—• âˆ€ â—•ï½¡),other,42
43,Mex,list3,/dev/null; touch /tmp/blns.fail ; echo,metadata,43
44,Other,list1,",ã€‚ãƒ»:*:ãƒ»ã‚œâ€™( â˜» Ï‰ â˜» )ã€‚ãƒ»:*:ãƒ»ã‚œâ€™",metadata,44
45,US,list3,nil,other,45
46,Other,list3,â¦testâ§,metadata,46
47,Mex,list2,ãƒ»(ï¿£âˆ€ï¿£)ãƒ»:*:,metadata,47
48,Other,list1,Â¡â„¢Â£Â¢âˆÂ§Â¶â€¢ÂªÂºâ€“â‰ ,metadata,48
49,Mex,list2,NIL,metadata,49
50,US,list2,-1/2,metadata,50
51,Other,list2,ï½€ï½¨(Â´âˆ€ï½€âˆ©,other,51
52,US,list2,-1E2,other,52
53,Mex,list1,â€©testâ€©,other,53
54,Other,list1,â€«testâ€«,metadata,54
55,Mex,list1,Â¡â„¢Â£Â¢âˆÂ§Â¶â€¢ÂªÂºâ€“â‰ ,metadata,55
56,Other,list1,NULL,other,56
57,Mex,list3,áš€,other,57
58,US,list3,Å“âˆ‘Â´Â®â€ Â¥Â¨Ë†Ã¸Ï€â€œâ€˜,metadata,58
59,US,list3,"'""'",metadata,59
60,Mex,list3,âœ‹ğŸ¿ ğŸ’ªğŸ¿ ğŸ‘ğŸ¿ ğŸ™ŒğŸ¿ ğŸ‘ğŸ¿ ğŸ™ğŸ¿,other,60
61,US,list3,!@#$%^&*(),other,61
62,Other,list1,ğŸ˜,metadata,62
63,US,list2,â‚€â‚â‚‚,metadata,63
64,Other,list1,ğŸ˜,other,64
65,US,list2,',other,65
66,Other,list2,1E2,metadata,66
67,Mex,list1,<svg><script>0<1>alert('XSS')</script>,metadata,67
68,Mex,list2,Ì—ÌºÍ–Ì¹Ì¯Í“TÌ±Ì¤ÍÌ¥Í‡ÍˆhÍÌ²eÍÍ“Ì¼Ì—Ì™Ì¼Ì£Í” Í‡ÌœÌ±Ì Í“ÍÍ…NÍ Í•eÌ—Ì±zÌ˜ÌÌœÌºÍ™pÌ¤ÌºÌ¹ÍÌ¯ÍšeÍœÌ Ì»Ì rÌ¨Ì¤ÍÌºÌ–Í”Ì–Ì–dÍŸÌ ÌŸÌ­Ì¬ÌiÌ¦Í–Ì©Í“Í”Ì¤aÌ Ì—Ì¬Í‰Ì™nÍœÍš Ì»ÌÌ°ÍšÍ…hÌµÍ‰iÌ³ÌvÌ¢Í‡eÍŸÌ­Í-Ò‰Ì­Ì©Ì¼Í”mÌ¤Ì­Ì«iÍ•Í‡ÌÌ¦nÌ—Í™dÌ£ÌŸ ÍÌ¯Ì²Í•oÌ¨ÌŸÌ¯Ì°Ì²Í™Ì»Ìf Í˜ÌªÌ°Ì°Ì—Ì–Ì­Ì˜cÌ¦ÍÌ²ÌÍÌ©Ì™hÌ£ÍšaÍœÌ®ÍÌŸÌ™oÌ›Ì©Ì¹ÍsÌ¤.ÌÌ Ò‰ZÌ¡Ì–ÌœÍ–Ì°Ì£Í‰ÌœaÍ¡Í–Ì°Í™Ì¬lÌ²Ì«Ì³ÍÌ©gÌ¡ÌŸÌ¼Ì±ÍšÌÌ¬Í…oÍœÌ—.ÌŸ,other,68
69,Mex,list3,Ë™Énbá´‰lÉ ÉuÆƒÉÉ¯ ÇÉ¹olop Ê‡Ç ÇÉ¹oqÉl Ê‡n Ê‡unpá´‰pá´‰É”uá´‰ É¹odÉ¯ÇÊ‡ poÉ¯sná´‰Ç op pÇs 'Ê‡á´‰lÇ Æƒuá´‰É”sá´‰dá´‰pÉ É¹nÊ‡ÇÊ‡É”ÇsuoÉ” 'Ê‡ÇÉ¯É Ê‡á´‰s É¹olop É¯nsdá´‰ É¯ÇÉ¹oË¥,other,69
70,US,list3,"""",metadata,70
71,Mex,list2,testâ testâ€«,metadata,71
72,US,list3,â¡,other,72
73,Mex,list2,ãƒ½à¼¼àºˆÙ„Íœàºˆà¼½ï¾‰ ãƒ½à¼¼àºˆÙ„Íœàºˆà¼½ï¾‰ ,other,73
74,Mex,list1,NIL,metadata,74
75,US,list1,1'; DROP TABLE users--,metadata,75
76,Other,list1,éƒ¨è½æ ¼,other,76
77,Other,list3,1.00,metadata,77
78,US,list1,',metadata,78
79,Other,list2,",ã€‚ãƒ»:*:ãƒ»ã‚œâ€™( â˜» Ï‰ â˜» )ã€‚ãƒ»:*:ãƒ»ã‚œâ€™",other,79
80,Other,list2,,metadata,80
81,Other,list3,../../../../../../../../../../../etc/hosts,metadata,81
82,Mex,list3,,metadata,82
83,US,list2,-1E2,metadata,83
84,Other,list1,"×‘Ö¼Ö°×¨Öµ××©×Ö´×™×ª, ×‘Ö¼Ö¸×¨Ö¸× ×Ö±×œÖ¹×”Ö´×™×, ×Öµ×ª ×”Ö·×©Ö¼×Ö¸×Ö·×™Ö´×, ×•Ö°×Öµ×ª ×”Ö¸×Ö¸×¨Ö¶×¥",metadata,84
85,Mex,list3,â€‹,other,85
86,Mex,list3,Â¡â„¢Â£Â¢âˆÂ§Â¶â€¢ÂªÂºâ€“â‰ ,other,86
87,Other,list2,â€‹,other,87
88,US,list2,"×‘Ö¼Ö°×¨Öµ××©×Ö´×™×ª, ×‘Ö¼Ö¸×¨Ö¸× ×Ö±×œÖ¹×”Ö´×™×, ×Öµ×ª ×”Ö·×©Ö¼×Ö¸×Ö·×™Ö´×, ×•Ö°×Öµ×ª ×”Ö¸×Ö¸×¨Ö¶×¥",metadata,88
89,Other,list3,â°â´âµâ‚€â‚â‚‚,other,89
90,Mex,list2,() { _; } >_[$($())] { touch /tmp/blns.shellshock2.fail; },other,90
91,Other,list3,1.00,other,91
92,US,list2,ğŸ‘¾ ğŸ™‡ ğŸ’ ğŸ™… ğŸ™† ğŸ™‹ ğŸ™ ğŸ™ ,metadata,92
93,Mex,list3,Å’â€Â´â€°Ë‡ÃÂ¨Ë†Ã˜âˆâ€â€™,metadata,93
94,Other,list3,â‚€â‚â‚‚,metadata,94
95,Mex,list2,ã€€,other,95
96,Mex,list3,Ì¡Í“Í…ÌIÍÌ—Ì˜Ì¦nÍ‡Í‡Í™vÌ®Ì«okÌ²Ì«Ì™ÍˆiÌ–Í™Ì­Ì¹Ì ÌnÌ¡Ì»Ì®Ì£ÌºgÌ²ÍˆÍ™Ì­Í™Ì¬Í Ì°tÍ”Ì¦hÌÌ²eÌ¢Ì¤ ÍÌ¬Ì²Í–fÌ´Ì˜Í•Ì£eÍ€Í–eÌ£Ì¥Ì©lÍ–Í”ÍšiÍ Í“ÍšÌ¦nÍ–ÍÌ—Í“Ì³Ì®gÍ Ì¨oÍ¡ÍšÌªfÌ˜Ì£Ì¬ Ì–Ì˜Í–ÌŸÍ™Ì®cÒ‰Í”Ì«Í–Í“Í‡Í–Í…hÌµÌ¤Ì£ÍšÍ”aÍÌ—Ì¼Í…Í•oÌ¼Ì£Ì¥sÍ¢Ì±ÍˆÌºÌ–Ì¦Ì».Ì›Ì–ÌÌ Ì«Ì°,other,96
97,US,list2,ğŸ‘©ğŸ½,other,97
98,US,list2,ï¼‘ï¼’ï¼“,metadata,98
99,Other,list1,testâ testâ€«,metadata,99
100,Other,list2,ğŸš¾ ğŸ†’ ğŸ†“ ğŸ†• ğŸ†– ğŸ†— ğŸ†™ ğŸ§,metadata,100
101,US,list1,Ù¡Ù¢Ù£,other,101
102,Other,list3,âœ‹ğŸ¿ ğŸ’ªğŸ¿ ğŸ‘ğŸ¿ ğŸ™ŒğŸ¿ ğŸ‘ğŸ¿ ğŸ™ğŸ¿,metadata,102
103,Other,list1,ìš¸ë€ë°”í† ë¥´,metadata,103
104,US,list1,ãƒ½à¼¼àºˆÙ„Íœàºˆà¼½ï¾‰ ãƒ½à¼¼àºˆÙ„Íœàºˆà¼½ï¾‰ ,metadata,104
105,Mex,list3,Ì—ÌºÍ–Ì¹Ì¯Í“TÌ±Ì¤ÍÌ¥Í‡ÍˆhÍÌ²eÍÍ“Ì¼Ì—Ì™Ì¼Ì£Í” Í‡ÌœÌ±Ì Í“ÍÍ…NÍ Í•eÌ—Ì±zÌ˜ÌÌœÌºÍ™pÌ¤ÌºÌ¹ÍÌ¯ÍšeÍœÌ Ì»Ì rÌ¨Ì¤ÍÌºÌ–Í”Ì–Ì–dÍŸÌ ÌŸÌ­Ì¬ÌiÌ¦Í–Ì©Í“Í”Ì¤aÌ Ì—Ì¬Í‰Ì™nÍœÍš Ì»ÌÌ°ÍšÍ…hÌµÍ‰iÌ³ÌvÌ¢Í‡eÍŸÌ­Í-Ò‰Ì­Ì©Ì¼Í”mÌ¤Ì­Ì«iÍ•Í‡ÌÌ¦nÌ—Í™dÌ£ÌŸ ÍÌ¯Ì²Í•oÌ¨ÌŸÌ¯Ì°Ì²Í™Ì»Ìf Í˜ÌªÌ°Ì°Ì—Ì–Ì­Ì˜cÌ¦ÍÌ²ÌÍÌ©Ì™hÌ£ÍšaÍœÌ®ÍÌŸÌ™oÌ›Ì©Ì¹ÍsÌ¤.ÌÌ Ò‰ZÌ¡Ì–ÌœÍ–Ì°Ì£Í‰ÌœaÍ¡Í–Ì°Í™Ì¬lÌ²Ì«Ì³ÍÌ©gÌ¡ÌŸÌ¼Ì±ÍšÌÌ¬Í…oÍœÌ—.ÌŸ,other,105
106,Other,list1,,other,106
107,Mex,list2,(ï½¡â—• âˆ€ â—•ï½¡),other,107
108,US,list2,á ,metadata,108
109,Other,list1,-1E02,metadata,109
110,Mex,list3,Ì¦HÍÌ¬Ì¤Ì—Ì¤eÍœ ÍÌœÌ¥ÌÌ»ÍÌŸwÌ•hÌ–Ì¯Í“oÌÍ™Ì–ÍÌ±Ì® Ò‰ÌºÌ™ÌÌŸÍˆWÌ·Ì¼Ì­aÌºÌªÍiÌ¨ÍˆÍ•Ì­Í™Ì¯ÌœtÌ¶Ì¼Ì®sÌ•Ì˜Í™Í– Ì Ì«Ì BÌ»ÍÍ…Í™Í‰Ì³eÌµhÌµÌ¬Í‡Ì«Í™iÌ•Ì¹Í“Ì³Ì³Ì®ÍÌ«nÍŸdÌ´ÌªÌœÌ– ÍÌ°Í‰Ì©Í…Í‡Í™Ì²TÍ¢Í–Ì¼Í“ÌªhÍÍ“Ì®Ì»eÌ¬ÌÍ…ÌŸ Ì¤Ì¹ÌWÍÍ…Í™ÌÌÍ”Í‡aÍÍ“Í”Ì¹Ì¼Ì£lÌ´Í”Ì°Ì¤ÌŸÍ”lÌ­Ì«.Í•,metadata,110
111,Other,list2,"""""",other,111
112,Mex,list3,",./;'[]\-=",metadata,112
113,US,list2,éƒ¨è½æ ¼,metadata,113
114,Other,list2,Å’â€Â´â€°Ë‡ÃÂ¨Ë†Ã˜âˆâ€â€™,metadata,114
115,Other,list3,â¤ï¸ ğŸ’” ğŸ’Œ ğŸ’• ğŸ’ ğŸ’“ ğŸ’— ğŸ’– ğŸ’˜ ğŸ’ ğŸ’Ÿ ğŸ’œ ğŸ’› ğŸ’š ğŸ’™,other,115
116,Mex,list2,â€‹,metadata,116
117,Other,list1,(ï½¡â—• âˆ€ â—•ï½¡),metadata,117
118,US,list2,â‚€â‚â‚‚,other,118
119,US,list2,ãƒ»(ï¿£âˆ€ï¿£)ãƒ»:*:,metadata,119
120,US,list3,"""",other,120
121,US,list3,../../../../../../../../../../../etc/passwd%00,metadata,121
122,Other,list2,ç¤¾æœƒç§‘å­¸é™¢èªå­¸ç ”ç©¶æ‰€,other,122
123,Mex,list3,(ï¾‰à²¥ç›Šà²¥ï¼‰ï¾‰ï»¿ â”»â”â”»,metadata,123
124,Other,list2,â°â´âµ,metadata,124
125,Mex,list1,ï»¿,metadata,125
126,Other,list2,"Ø«Ù… Ù†ÙØ³ Ø³Ù‚Ø·Øª ÙˆØ¨Ø§Ù„ØªØ­Ø¯ÙŠØ¯ØŒ, Ø¬Ø²ÙŠØ±ØªÙŠ Ø¨Ø§Ø³ØªØ®Ø¯Ø§Ù… Ø£Ù† Ø¯Ù†Ùˆ. Ø¥Ø° Ù‡Ù†Ø§ØŸ Ø§Ù„Ø³ØªØ§Ø± ÙˆØªÙ†ØµÙŠØ¨ ÙƒØ§Ù†. Ø£Ù‡Ù‘Ù„ Ø§ÙŠØ·Ø§Ù„ÙŠØ§ØŒ Ø¨Ø±ÙŠØ·Ø§Ù†ÙŠØ§-ÙØ±Ù†Ø³Ø§ Ù‚Ø¯ Ø£Ø®Ø°. Ø³Ù„ÙŠÙ…Ø§Ù†ØŒ Ø¥ØªÙØ§Ù‚ÙŠØ© Ø¨ÙŠÙ† Ù…Ø§, ÙŠØ°ÙƒØ± Ø§Ù„Ø­Ø¯ÙˆØ¯ Ø£ÙŠ Ø¨Ø¹Ø¯, Ù…Ø¹Ø§Ù…Ù„Ø© Ø¨ÙˆÙ„Ù†Ø¯Ø§ØŒ Ø§Ù„Ø¥Ø·Ù„Ø§Ù‚ Ø¹Ù„ Ø¥ÙŠÙˆ.",other,126
127,US,list2,../../../../../../../../../../../etc/passwd%00,other,127
128,US,list3,1E02,metadata,128
129,Mex,list3,<script>alert('hi')</script>,metadata,129
130,Mex,list1,-1,metadata,130
131,US,list3,1,metadata,131
132,Other,list3,../../../../../../../../../../../etc/passwd%00,other,132
133,US,list1,-1,metadata,133
134,Other,list1,'',other,134
135,Mex,list2,Ì¦HÍÌ¬Ì¤Ì—Ì¤eÍœ ÍÌœÌ¥ÌÌ»ÍÌŸwÌ•hÌ–Ì¯Í“oÌÍ™Ì–ÍÌ±Ì® Ò‰ÌºÌ™ÌÌŸÍˆWÌ·Ì¼Ì­aÌºÌªÍiÌ¨ÍˆÍ•Ì­Í™Ì¯ÌœtÌ¶Ì¼Ì®sÌ•Ì˜Í™Í– Ì Ì«Ì BÌ»ÍÍ…Í™Í‰Ì³eÌµhÌµÌ¬Í‡Ì«Í™iÌ•Ì¹Í“Ì³Ì³Ì®ÍÌ«nÍŸdÌ´ÌªÌœÌ– ÍÌ°Í‰Ì©Í…Í‡Í™Ì²TÍ¢Í–Ì¼Í“ÌªhÍÍ“Ì®Ì»eÌ¬ÌÍ…ÌŸ Ì¤Ì¹ÌWÍÍ…Í™ÌÌÍ”Í‡aÍÍ“Í”Ì¹Ì¼Ì£lÌ´Í”Ì°Ì¤ÌŸÍ”lÌ­Ì«.Í•,metadata,135
136,Mex,list1,1;DROP TABLE users,other,136
137,Mex,list3,(ï½¡â—• âˆ€ â—•ï½¡),other,137
138,US,list3,-$1.00,other,138
139,US,list3,",./;'[]\-=",metadata,139
140,Mex,list1,Å’â€Â´â€°Ë‡ÃÂ¨Ë†Ã˜âˆâ€â€™,metadata,140
141,Mex,list1,â£,metadata,141
142,Mex,list2,Ë™Énbá´‰lÉ ÉuÆƒÉÉ¯ ÇÉ¹olop Ê‡Ç ÇÉ¹oqÉl Ê‡n Ê‡unpá´‰pá´‰É”uá´‰ É¹odÉ¯ÇÊ‡ poÉ¯sná´‰Ç op pÇs 'Ê‡á´‰lÇ Æƒuá´‰É”sá´‰dá´‰pÉ É¹nÊ‡ÇÊ‡É”ÇsuoÉ” 'Ê‡ÇÉ¯É Ê‡á´‰s É¹olop É¯nsdá´‰ É¯ÇÉ¹oË¥,metadata,142
143,US,list2,,other,143
144,US,list2,Å“âˆ‘Â´Â®â€ Â¥Â¨Ë†Ã¸Ï€â€œâ€˜,other,144
145,US,list1,ğŸš¾ ğŸ†’ ğŸ†“ ğŸ†• ğŸ†– ğŸ†— ğŸ†™ ğŸ§,metadata,145
146,US,list2,nil,other,146
147,Mex,list3,ì‚¬íšŒê³¼í•™ì› ì–´í•™ì—°êµ¬ì†Œ,other,147
148,Other,list3,999999999999999999999999999999999999999999999999999999999999999999999999999999999999999999999999,other,148
149,Other,list2,-1E+02,other,149
150,Mex,list3,Ã…ÃÃÃËÃ“Ã”ï£¿Ã’ÃšÃ†â˜ƒ,metadata,150
151,Mex,list2,â¦testâ§,other,151
152,Mex,list2,ã€€,metadata,152
153,Mex,list2,Â¸Ë›Ã‡â—ŠÄ±ËœÃ‚Â¯Ë˜Â¿,other,153
154,US,list2,ğŸ˜,other,154
155,US,list1,ZÌ®ÌÍ…Ì Í™Í”AÌ¥Ì—ÌÍˆÌ»Ì—LÌ£Í™ÍÌ¯Ì¹ÌÍ“GÌ»OÌ­Ì—Ì®,other,155
156,US,list2,nil,metadata,156
157,Other,list1,Å’â€Â´â€°Ë‡ÃÂ¨Ë†Ã˜âˆâ€â€™,metadata,157
158,US,list3,â°â´âµâ‚€â‚â‚‚,metadata,158
159,Mex,list2,1;DROP TABLE users,other,159
160,US,list3,"""",other,160
161,US,list2,ï¼‘ï¼’ï¼“,metadata,161
162,US,list2,../../../../../../../../../../../etc/passwd%00,other,162
163,US,list1,â£,other,163
164,Mex,list3,',metadata,164
165,US,list2,999999999999999999999999999999999999999999999999999999999999999999999999999999999999999999999999,other,165
166,Other,list1,Ù¡Ù¢Ù£,metadata,166
167,US,list1,1,metadata,167
168,Other,list3,0ï¸âƒ£ 1ï¸âƒ£ 2ï¸âƒ£ 3ï¸âƒ£ 4ï¸âƒ£ 5ï¸âƒ£ 6ï¸âƒ£ 7ï¸âƒ£ 8ï¸âƒ£ 9ï¸âƒ£ ğŸ”Ÿ,other,168
169,Other,list1,Â¸Ë›Ã‡â—ŠÄ±ËœÃ‚Â¯Ë˜Â¿,other,169
170,Other,list2,1;DROP TABLE users,metadata,170
171,US,list3,ç¤¾æœƒç§‘å­¸é™¢èªå­¸ç ”ç©¶æ‰€,other,171
172,Other,list1,null,metadata,172
173,US,list2,"<>?:""{}|_+",metadata,173
174,Mex,list2,',metadata,174
175,US,list3,éƒ¨è½æ ¼,metadata,175
176,Mex,list3,1,other,176
177,Other,list3,../../../../../../../../../../../etc/passwd%00,other,177
178,Mex,list1,â¢,other,178
179,Other,list1,Ì—ÌºÍ–Ì¹Ì¯Í“TÌ±Ì¤ÍÌ¥Í‡ÍˆhÍÌ²eÍÍ“Ì¼Ì—Ì™Ì¼Ì£Í” Í‡ÌœÌ±Ì Í“ÍÍ…NÍ Í•eÌ—Ì±zÌ˜ÌÌœÌºÍ™pÌ¤ÌºÌ¹ÍÌ¯ÍšeÍœÌ Ì»Ì rÌ¨Ì¤ÍÌºÌ–Í”Ì–Ì–dÍŸÌ ÌŸÌ­Ì¬ÌiÌ¦Í–Ì©Í“Í”Ì¤aÌ Ì—Ì¬Í‰Ì™nÍœÍš Ì»ÌÌ°ÍšÍ…hÌµÍ‰iÌ³ÌvÌ¢Í‡eÍŸÌ­Í-Ò‰Ì­Ì©Ì¼Í”mÌ¤Ì­Ì«iÍ•Í‡ÌÌ¦nÌ—Í™dÌ£ÌŸ ÍÌ¯Ì²Í•oÌ¨ÌŸÌ¯Ì°Ì²Í™Ì»Ìf Í˜ÌªÌ°Ì°Ì—Ì–Ì­Ì˜cÌ¦ÍÌ²ÌÍÌ©Ì™hÌ£ÍšaÍœÌ®ÍÌŸÌ™oÌ›Ì©Ì¹ÍsÌ¤.ÌÌ Ò‰ZÌ¡Ì–ÌœÍ–Ì°Ì£Í‰ÌœaÍ¡Í–Ì°Í™Ì¬lÌ²Ì«Ì³ÍÌ©gÌ¡ÌŸÌ¼Ì±ÍšÌÌ¬Í…oÍœÌ—.ÌŸ,other,179
180,Other,list1,ï»¿,other,180
181,Mex,list1,() { _; } >_[$($())] { touch /tmp/blns.shellshock2.fail; },metadata,181
182,US,list2,"Ø«Ù… Ù†ÙØ³ Ø³Ù‚Ø·Øª ÙˆØ¨Ø§Ù„ØªØ­Ø¯ÙŠØ¯ØŒ, Ø¬Ø²ÙŠØ±ØªÙŠ Ø¨Ø§Ø³ØªØ®Ø¯Ø§Ù… Ø£Ù† Ø¯Ù†Ùˆ. Ø¥Ø° Ù‡Ù†Ø§ØŸ Ø§Ù„Ø³ØªØ§Ø± ÙˆØªÙ†ØµÙŠØ¨ ÙƒØ§Ù†. Ø£Ù‡Ù‘Ù„ Ø§ÙŠØ·Ø§Ù„ÙŠØ§ØŒ Ø¨Ø±ÙŠØ·Ø§Ù†ÙŠØ§-ÙØ±Ù†Ø³Ø§ Ù‚Ø¯ Ø£Ø®Ø°. Ø³Ù„ÙŠÙ…Ø§Ù†ØŒ Ø¥ØªÙØ§Ù‚ÙŠØ© Ø¨ÙŠÙ† Ù…Ø§, ÙŠØ°ÙƒØ± Ø§Ù„Ø­Ø¯ÙˆØ¯ Ø£ÙŠ Ø¨Ø¹Ø¯, Ù…Ø¹Ø§Ù…Ù„Ø© Ø¨ÙˆÙ„Ù†Ø¯Ø§ØŒ Ø§Ù„Ø¥Ø·Ù„Ø§Ù‚ Ø¹Ù„ Ø¥ÙŠÙˆ.",metadata,182
183,Other,list1,1,metadata,183
184,Mex,list1,"<>?:""{}|_+",metadata,184
185,Other,list2,éƒ¨è½æ ¼,other,185
186,Mex,list1,ï½€ï½¨(Â´âˆ€ï½€âˆ©,other,186
187,US,list3,â€ªâ€ªtestâ€ª,other,187
188,Other,list2,â€©testâ€©,metadata,188
189,Mex,list2,Ì¦HÍÌ¬Ì¤Ì—Ì¤eÍœ ÍÌœÌ¥ÌÌ»ÍÌŸwÌ•hÌ–Ì¯Í“oÌÍ™Ì–ÍÌ±Ì® Ò‰ÌºÌ™ÌÌŸÍˆWÌ·Ì¼Ì­aÌºÌªÍiÌ¨ÍˆÍ•Ì­Í™Ì¯ÌœtÌ¶Ì¼Ì®sÌ•Ì˜Í™Í– Ì Ì«Ì BÌ»ÍÍ…Í™Í‰Ì³eÌµhÌµÌ¬Í‡Ì«Í™iÌ•Ì¹Í“Ì³Ì³Ì®ÍÌ«nÍŸdÌ´ÌªÌœÌ– ÍÌ°Í‰Ì©Í…Í‡Í™Ì²TÍ¢Í–Ì¼Í“ÌªhÍÍ“Ì®Ì»eÌ¬ÌÍ…ÌŸ Ì¤Ì¹ÌWÍÍ…Í™ÌÌÍ”Í‡aÍÍ“Í”Ì¹Ì¼Ì£lÌ´Í”Ì°Ì¤ÌŸÍ”lÌ­Ì«.Í•,other,189
190,Other,list1,ç¤¾æœƒç§‘å­¸é™¢èªå­¸ç ”ç©¶æ‰€,other,190
191,Other,list1,1E2,other,191
192,Mex,list3,ğŸ˜,other,192
193,Other,list3,â°â´âµâ‚€â‚â‚‚,metadata,193
194,Other,list2,â¡,metadata,194
195,Mex,list2,Ù¡Ù¢Ù£,metadata,195
196,Mex,list3,ğŸš¾ ğŸ†’ ğŸ†“ ğŸ†• ğŸ†– ğŸ†— ğŸ†™ ğŸ§,other,196
197,Other,list2,"__ï¾›(,_,*)",metadata,197
198,US,list2,ã€€,metadata,198
199,US,list3,ğŸ‘©ğŸ½,metadata,199
200,Other,list2,"""''''""'""",metadata,200
201,US,list1,/dev/null; touch /tmp/blns.fail ; echo,other,201
202,Mex,list2,,other,202
203,US,list1,(ï½¡â—• âˆ€ â—•ï½¡),metadata,203
204,US,list1,Å’â€Â´â€°Ë‡ÃÂ¨Ë†Ã˜âˆâ€â€™,other,204
205,Mex,list1,ì‚¬íšŒê³¼í•™ì› ì–´í•™ì—°êµ¬ì†Œ,metadata,205
206,Mex,list3,<script>alert('hi')</script>,other,206
207,US,list3,"""",metadata,207
208,Other,list1,"'""'",metadata,208
209,Other,list2,éƒ¨è½æ ¼,other,209
210,Mex,list2,`â„â‚¬â€¹â€ºï¬ï¬‚â€¡Â°Â·â€šâ€”Â±,other,210
211,Mex,list2,1E+02,other,211
212,US,list1,"'""'",metadata,212
213,Other,list1,â€©testâ€©,other,213
214,US,list2,'',other,214
215,US,list2,1E2,other,215
216,Mex,list2,"×‘Ö¼Ö°×¨Öµ××©×Ö´×™×ª, ×‘Ö¼Ö¸×¨Ö¸× ×Ö±×œÖ¹×”Ö´×™×, ×Öµ×ª ×”Ö·×©Ö¼×Ö¸×Ö·×™Ö´×, ×•Ö°×Öµ×ª ×”Ö¸×Ö¸×¨Ö¶×¥",metadata,216
217,Other,list2,1'; DROP TABLE users--,other,217
218,US,list3,Ì—ÌºÍ–Ì¹Ì¯Í“TÌ±Ì¤ÍÌ¥Í‡ÍˆhÍÌ²eÍÍ“Ì¼Ì—Ì™Ì¼Ì£Í” Í‡ÌœÌ±Ì Í“ÍÍ…NÍ Í•eÌ—Ì±zÌ˜ÌÌœÌºÍ™pÌ¤ÌºÌ¹ÍÌ¯ÍšeÍœÌ Ì»Ì rÌ¨Ì¤ÍÌºÌ–Í”Ì–Ì–dÍŸÌ ÌŸÌ­Ì¬ÌiÌ¦Í–Ì©Í“Í”Ì¤aÌ Ì—Ì¬Í‰Ì™nÍœÍš Ì»ÌÌ°ÍšÍ…hÌµÍ‰iÌ³ÌvÌ¢Í‡eÍŸÌ­Í-Ò‰Ì­Ì©Ì¼Í”mÌ¤Ì­Ì«iÍ•Í‡ÌÌ¦nÌ—Í™dÌ£ÌŸ ÍÌ¯Ì²Í•oÌ¨ÌŸÌ¯Ì°Ì²Í™Ì»Ìf Í˜ÌªÌ°Ì°Ì—Ì–Ì­Ì˜cÌ¦ÍÌ²ÌÍÌ©Ì™hÌ£ÍšaÍœÌ®ÍÌŸÌ™oÌ›Ì©Ì¹ÍsÌ¤.ÌÌ Ò‰ZÌ¡Ì–ÌœÍ–Ì°Ì£Í‰ÌœaÍ¡Í–Ì°Í™Ì¬lÌ²Ì«Ì³ÍÌ©gÌ¡ÌŸÌ¼Ì±ÍšÌÌ¬Í…oÍœÌ—.ÌŸ,other,218
219,Mex,list1,ï¾Ÿï½¥âœ¿ãƒ¾â•²(ï½¡â—•â€¿â—•ï½¡)â•±âœ¿ï½¥ï¾Ÿ,metadata,219
220,US,list1,1'; DROP TABLE users--,other,220
221,Mex,list3,ãƒ‘ãƒ¼ãƒ†ã‚£ãƒ¼ã¸è¡Œã‹ãªã„ã‹,other,221
222,Mex,list1,ã€€,other,222
223,Other,list2,(â•¯Â°â–¡Â°ï¼‰â•¯ï¸µ â”»â”â”»)  ,other,223
224,US,list1,â¢,other,224
225,Other,list1,ç¤¾æœƒç§‘å­¸é™¢èªå­¸ç ”ç©¶æ‰€,metadata,225
226,US,list1,`â„â‚¬â€¹â€ºï¬ï¬‚â€¡Â°Â·â€šâ€”Â±,other,226
227,US,list2,",./;'[]\-=",metadata,227
228,US,list2,-1E2,other,228
229,Mex,list3,nil,other,229
230,US,list1,"<>?:""{}|_+",other,230
231,US,list2,-$1.00,metadata,231
232,Mex,list2,/dev/null; touch /tmp/blns.fail ; echo,other,232
233,US,list2,00Ë™Æ–$-,other,233
234,US,list3,ğŸ˜,metadata,234
235,Mex,list1,<script>alert('hi')</script>,other,235
236,US,list1,-1,other,236
237,Mex,list1,-1E2,metadata,237
238,Mex,list1,() { _; } >_[$($())] { touch /tmp/blns.shellshock2.fail; },other,238
239,US,list2,âœ‹ğŸ¿ ğŸ’ªğŸ¿ ğŸ‘ğŸ¿ ğŸ™ŒğŸ¿ ğŸ‘ğŸ¿ ğŸ™ğŸ¿,other,239
240,US,list1,NULL,metadata,240
241,Other,list3,() { 0; }; touch /tmp/blns.shellshock1.fail;,other,241
242,Mex,list2,../../../../../../../../../../../etc/hosts,other,242
243,Mex,list3,0ï¸âƒ£ 1ï¸âƒ£ 2ï¸âƒ£ 3ï¸âƒ£ 4ï¸âƒ£ 5ï¸âƒ£ 6ï¸âƒ£ 7ï¸âƒ£ 8ï¸âƒ£ 9ï¸âƒ£ ğŸ”Ÿ,metadata,243
244,US,list3,Ì¡Í“Í…ÌIÍÌ—Ì˜Ì¦nÍ‡Í‡Í™vÌ®Ì«okÌ²Ì«Ì™ÍˆiÌ–Í™Ì­Ì¹Ì ÌnÌ¡Ì»Ì®Ì£ÌºgÌ²ÍˆÍ™Ì­Í™Ì¬Í Ì°tÍ”Ì¦hÌÌ²eÌ¢Ì¤ ÍÌ¬Ì²Í–fÌ´Ì˜Í•Ì£eÍ€Í–eÌ£Ì¥Ì©lÍ–Í”ÍšiÍ Í“ÍšÌ¦nÍ–ÍÌ—Í“Ì³Ì®gÍ Ì¨oÍ¡ÍšÌªfÌ˜Ì£Ì¬ Ì–Ì˜Í–ÌŸÍ™Ì®cÒ‰Í”Ì«Í–Í“Í‡Í–Í…hÌµÌ¤Ì£ÍšÍ”aÍÌ—Ì¼Í…Í•oÌ¼Ì£Ì¥sÍ¢Ì±ÍˆÌºÌ–Ì¦Ì».Ì›Ì–ÌÌ Ì«Ì°,metadata,244
245,US,list1,../../../../../../../../../../../etc/passwd%00,metadata,245
246,Other,list3,1'; DROP TABLE users--,other,246
247,Mex,list2,á ,other,247
248,US,list3,!@#$%^&*(),other,248
249,Mex,list2,00Ë™Æ–$-,other,249
250,US,list1,1,metadata,250
251,US,list1,<script>alert('hi')</script>,other,251
252,Other,list3,<img src=x onerror=alert('hi') />,metadata,252
253,US,list3,-1E2,metadata,253
254,US,list2,<script>alert('hi')</script>,other,254
255,Mex,list1,Ì¦HÍÌ¬Ì¤Ì—Ì¤eÍœ ÍÌœÌ¥ÌÌ»ÍÌŸwÌ•hÌ–Ì¯Í“oÌÍ™Ì–ÍÌ±Ì® Ò‰ÌºÌ™ÌÌŸÍˆWÌ·Ì¼Ì­aÌºÌªÍiÌ¨ÍˆÍ•Ì­Í™Ì¯ÌœtÌ¶Ì¼Ì®sÌ•Ì˜Í™Í– Ì Ì«Ì BÌ»ÍÍ…Í™Í‰Ì³eÌµhÌµÌ¬Í‡Ì«Í™iÌ•Ì¹Í“Ì³Ì³Ì®ÍÌ«nÍŸdÌ´ÌªÌœÌ– ÍÌ°Í‰Ì©Í…Í‡Í™Ì²TÍ¢Í–Ì¼Í“ÌªhÍÍ“Ì®Ì»eÌ¬ÌÍ…ÌŸ Ì¤Ì¹ÌWÍÍ…Í™ÌÌÍ”Í‡aÍÍ“Í”Ì¹Ì¼Ì£lÌ´Í”Ì°Ì¤ÌŸÍ”lÌ­Ì«.Í•,other,255
256,US,list1,â€ªâ€ªtestâ€ª,other,256
257,US,list1,NULL,other,257
258,US,list3,â¡,metadata,258
259,Mex,list2,â°â´âµ,metadata,259
260,Mex,list1,(â•¯Â°â–¡Â°ï¼‰â•¯ï¸µ â”»â”â”»)  ,other,260
261,US,list1,ğŸµ ğŸ™ˆ ğŸ™‰ ğŸ™Š,metadata,261
262,Mex,list2,×”Ö¸×™Ö°×ªÖ¸×”testØ§Ù„ØµÙØ­Ø§Øª Ø§Ù„ØªÙ‘Ø­ÙˆÙ„,metadata,262
263,Mex,list1,áš€,metadata,263
264,Mex,list1,ZÌ®ÌÍ…Ì Í™Í”AÌ¥Ì—ÌÍˆÌ»Ì—LÌ£Í™ÍÌ¯Ì¹ÌÍ“GÌ»OÌ­Ì—Ì®,metadata,264
265,US,list1,nil,metadata,265
266,Mex,list3,-$1.00,other,266
267,US,list2,â€©testâ€©,metadata,267
268,Other,list2,TÌ•Ì­ÌºÌºoÍ Ì·iÌ²Ì¬Í‡ÌªÍ™nÌÌ—Í•vÍŸÌŸÌœÌ˜Ì¦oÌ¶Ì™Ì°Ì keÍ€ÍšÌ®ÌºÌªÌ¹Ì±Ì¤ Ì–tÍÌÍ•Ì³Ì£Ì»ÌªhÌ¼Í“Ì²Ì¦Ì³Ì˜Ì²eÍ‡Ì£Ì°Ì¦Ì¬Í Ì¢Ì¼Ì»Ì±Ì˜hÍ…ÍšÍÍ™ÌœÌ£Ì²iÌ¦Ì²Ì£Ì°Ì¤vÌ»ÍeÌºÌ­Ì³ÌªÌ°-mÌ¢iÍ…nÌ–ÌºÌÌ²Ì¯Ì°dÌµÌ¼ÌŸÍ™Ì©Ì¼Ì˜Ì³ ÌÌ¥Ì±Ì³Ì­rÌ›Ì—Ì˜eÍ™pÍ rÌ¼ÌÌ»Ì­Ì—eÍŸÌºÌ Ì£sÌ˜Í‡Ì³ÍÌÍ‰eÍœÍ‰Ì¥Ì¯ÌÌ²ÍšÌ¬nÍ€Ì¬ÍÍÌŸÌ–Í‡Ì¤tÍ˜ÍÌ¬Í…Ì¤Í“Ì¼Ì­iÌªÌ±nÍ gÌ´Í‰ ÍÍ‰Í…cÌ¬ÌŸhÍ¡aÍ˜Ì«Ì»Ì¯oÌ«ÌŸÌ–ÍÌ™ÌÍ‰sÌ—Ì¦Ì².Ì¨Ì¹ÍˆÌ£,metadata,268
269,Other,list3,testâ testâ€«,other,269
270,Other,list1,Ì¡Í“Í…ÌIÍÌ—Ì˜Ì¦nÍ‡Í‡Í™vÌ®Ì«okÌ²Ì«Ì™ÍˆiÌ–Í™Ì­Ì¹Ì ÌnÌ¡Ì»Ì®Ì£ÌºgÌ²ÍˆÍ™Ì­Í™Ì¬Í Ì°tÍ”Ì¦hÌÌ²eÌ¢Ì¤ ÍÌ¬Ì²Í–fÌ´Ì˜Í•Ì£eÍ€Í–eÌ£Ì¥Ì©lÍ–Í”ÍšiÍ Í“ÍšÌ¦nÍ–ÍÌ—Í“Ì³Ì®gÍ Ì¨oÍ¡ÍšÌªfÌ˜Ì£Ì¬ Ì–Ì˜Í–ÌŸÍ™Ì®cÒ‰Í”Ì«Í–Í“Í‡Í–Í…hÌµÌ¤Ì£ÍšÍ”aÍÌ—Ì¼Í…Í•oÌ¼Ì£Ì¥sÍ¢Ì±ÍˆÌºÌ–Ì¦Ì».Ì›Ì–ÌÌ Ì«Ì°,metadata,270
271,Mex,list2,×”Ö¸×™Ö°×ªÖ¸×”testØ§Ù„ØµÙØ­Ø§Øª Ø§Ù„ØªÙ‘Ø­ÙˆÙ„,other,271
272,Other,list2,áš€,other,272
273,Other,list1,TÌ•Ì­ÌºÌºoÍ Ì·iÌ²Ì¬Í‡ÌªÍ™nÌÌ—Í•vÍŸÌŸÌœÌ˜Ì¦oÌ¶Ì™Ì°Ì keÍ€ÍšÌ®ÌºÌªÌ¹Ì±Ì¤ Ì–tÍÌÍ•Ì³Ì£Ì»ÌªhÌ¼Í“Ì²Ì¦Ì³Ì˜Ì²eÍ‡Ì£Ì°Ì¦Ì¬Í Ì¢Ì¼Ì»Ì±Ì˜hÍ…ÍšÍÍ™ÌœÌ£Ì²iÌ¦Ì²Ì£Ì°Ì¤vÌ»ÍeÌºÌ­Ì³ÌªÌ°-mÌ¢iÍ…nÌ–ÌºÌÌ²Ì¯Ì°dÌµÌ¼ÌŸÍ™Ì©Ì¼Ì˜Ì³ ÌÌ¥Ì±Ì³Ì­rÌ›Ì—Ì˜eÍ™pÍ rÌ¼ÌÌ»Ì­Ì—eÍŸÌºÌ Ì£sÌ˜Í‡Ì³ÍÌÍ‰eÍœÍ‰Ì¥Ì¯ÌÌ²ÍšÌ¬nÍ€Ì¬ÍÍÌŸÌ–Í‡Ì¤tÍ˜ÍÌ¬Í…Ì¤Í“Ì¼Ì­iÌªÌ±nÍ gÌ´Í‰ ÍÍ‰Í…cÌ¬ÌŸhÍ¡aÍ˜Ì«Ì»Ì¯oÌ«ÌŸÌ–ÍÌ™ÌÍ‰sÌ—Ì¦Ì².Ì¨Ì¹ÍˆÌ£,other,273
274,Mex,list3,Ì¦HÍÌ¬Ì¤Ì—Ì¤eÍœ ÍÌœÌ¥ÌÌ»ÍÌŸwÌ•hÌ–Ì¯Í“oÌÍ™Ì–ÍÌ±Ì® Ò‰ÌºÌ™ÌÌŸÍˆWÌ·Ì¼Ì­aÌºÌªÍiÌ¨ÍˆÍ•Ì­Í™Ì¯ÌœtÌ¶Ì¼Ì®sÌ•Ì˜Í™Í– Ì Ì«Ì BÌ»ÍÍ…Í™Í‰Ì³eÌµhÌµÌ¬Í‡Ì«Í™iÌ•Ì¹Í“Ì³Ì³Ì®ÍÌ«nÍŸdÌ´ÌªÌœÌ– ÍÌ°Í‰Ì©Í…Í‡Í™Ì²TÍ¢Í–Ì¼Í“ÌªhÍÍ“Ì®Ì»eÌ¬ÌÍ…ÌŸ Ì¤Ì¹ÌWÍÍ…Í™ÌÌÍ”Í‡aÍÍ“Í”Ì¹Ì¼Ì£lÌ´Í”Ì°Ì¤ÌŸÍ”lÌ­Ì«.Í•,metadata,274
275,US,list2,",ã€‚ãƒ»:*:ãƒ»ã‚œâ€™( â˜» Ï‰ â˜» )ã€‚ãƒ»:*:ãƒ»ã‚œâ€™",other,275
276,Other,list1,Â¸Ë›Ã‡â—ŠÄ±ËœÃ‚Â¯Ë˜Â¿,metadata,276
277,Mex,list3,âœ‹ğŸ¿ ğŸ’ªğŸ¿ ğŸ‘ğŸ¿ ğŸ™ŒğŸ¿ ğŸ‘ğŸ¿ ğŸ™ğŸ¿,metadata,277
278,US,list3,<img src=x onerror=alert('hi') />,metadata,278
279,US,list1,á ,other,279
280,Mex,list1,Ì¡Í“Í…ÌIÍÌ—Ì˜Ì¦nÍ‡Í‡Í™vÌ®Ì«okÌ²Ì«Ì™ÍˆiÌ–Í™Ì­Ì¹Ì ÌnÌ¡Ì»Ì®Ì£ÌºgÌ²ÍˆÍ™Ì­Í™Ì¬Í Ì°tÍ”Ì¦hÌÌ²eÌ¢Ì¤ ÍÌ¬Ì²Í–fÌ´Ì˜Í•Ì£eÍ€Í–eÌ£Ì¥Ì©lÍ–Í”ÍšiÍ Í“ÍšÌ¦nÍ–ÍÌ—Í“Ì³Ì®gÍ Ì¨oÍ¡ÍšÌªfÌ˜Ì£Ì¬ Ì–Ì˜Í–ÌŸÍ™Ì®cÒ‰Í”Ì«Í–Í“Í‡Í–Í…hÌµÌ¤Ì£ÍšÍ”aÍÌ—Ì¼Í…Í•oÌ¼Ì£Ì¥sÍ¢Ì±ÍˆÌºÌ–Ì¦Ì».Ì›Ì–ÌÌ Ì«Ì°,other,280
281,Mex,list3,-1E02,other,281
282,US,list3,â°â´âµ,metadata,282
283,Mex,list1,â€ªâ€ªtestâ€ª,metadata,283
284,US,list2,â°â´âµâ‚€â‚â‚‚,metadata,284
285,Mex,list1,TÌ•Ì­ÌºÌºoÍ Ì·iÌ²Ì¬Í‡ÌªÍ™nÌÌ—Í•vÍŸÌŸÌœÌ˜Ì¦oÌ¶Ì™Ì°Ì keÍ€ÍšÌ®ÌºÌªÌ¹Ì±Ì¤ Ì–tÍÌÍ•Ì³Ì£Ì»ÌªhÌ¼Í“Ì²Ì¦Ì³Ì˜Ì²eÍ‡Ì£Ì°Ì¦Ì¬Í Ì¢Ì¼Ì»Ì±Ì˜hÍ…ÍšÍÍ™ÌœÌ£Ì²iÌ¦Ì²Ì£Ì°Ì¤vÌ»ÍeÌºÌ­Ì³ÌªÌ°-mÌ¢iÍ…nÌ–ÌºÌÌ²Ì¯Ì°dÌµÌ¼ÌŸÍ™Ì©Ì¼Ì˜Ì³ ÌÌ¥Ì±Ì³Ì­rÌ›Ì—Ì˜eÍ™pÍ rÌ¼ÌÌ»Ì­Ì—eÍŸÌºÌ Ì£sÌ˜Í‡Ì³ÍÌÍ‰eÍœÍ‰Ì¥Ì¯ÌÌ²ÍšÌ¬nÍ€Ì¬ÍÍÌŸÌ–Í‡Ì¤tÍ˜ÍÌ¬Í…Ì¤Í“Ì¼Ì­iÌªÌ±nÍ gÌ´Í‰ ÍÍ‰Í…cÌ¬ÌŸhÍ¡aÍ˜Ì«Ì»Ì¯oÌ«ÌŸÌ–ÍÌ™ÌÍ‰sÌ—Ì¦Ì².Ì¨Ì¹ÍˆÌ£,other,285
286,Mex,list2,áš€,metadata,286
287,Other,list1,ï»¿,other,287
288,Mex,list1,ï¾Ÿï½¥âœ¿ãƒ¾â•²(ï½¡â—•â€¿â—•ï½¡)â•±âœ¿ï½¥ï¾Ÿ,other,288
289,US,list1,!@#$%^&*(),other,289
290,Other,list1,â€ªâ€ªtestâ€ª,other,290
291,Mex,list2,â€‹,other,291
292,Other,list2,Î©â‰ˆÃ§âˆšâˆ«ËœÂµâ‰¤â‰¥Ã·,other,292
293,Other,list2,ğŸ‘©ğŸ½,metadata,293
294,Mex,list1,Ã…ÃÃÃËÃ“Ã”ï£¿Ã’ÃšÃ†â˜ƒ,metadata,294
295,Other,list2,"'""'",metadata,295
296,Mex,list3,-1E+02,other,296
297,Other,list1,() { 0; }; touch /tmp/blns.shellshock1.fail;,metadata,297
298,Mex,list3,/dev/null; touch /tmp/blns.fail ; echo,other,298
299,Mex,list2,TÌ•Ì­ÌºÌºoÍ Ì·iÌ²Ì¬Í‡ÌªÍ™nÌÌ—Í•vÍŸÌŸÌœÌ˜Ì¦oÌ¶Ì™Ì°Ì keÍ€ÍšÌ®ÌºÌªÌ¹Ì±Ì¤ Ì–tÍÌÍ•Ì³Ì£Ì»ÌªhÌ¼Í“Ì²Ì¦Ì³Ì˜Ì²eÍ‡Ì£Ì°Ì¦Ì¬Í Ì¢Ì¼Ì»Ì±Ì˜hÍ…ÍšÍÍ™ÌœÌ£Ì²iÌ¦Ì²Ì£Ì°Ì¤vÌ»ÍeÌºÌ­Ì³ÌªÌ°-mÌ¢iÍ…nÌ–ÌºÌÌ²Ì¯Ì°dÌµÌ¼ÌŸÍ™Ì©Ì¼Ì˜Ì³ ÌÌ¥Ì±Ì³Ì­rÌ›Ì—Ì˜eÍ™pÍ rÌ¼ÌÌ»Ì­Ì—eÍŸÌºÌ Ì£sÌ˜Í‡Ì³ÍÌÍ‰eÍœÍ‰Ì¥Ì¯ÌÌ²ÍšÌ¬nÍ€Ì¬ÍÍÌŸÌ–Í‡Ì¤tÍ˜ÍÌ¬Í…Ì¤Í“Ì¼Ì­iÌªÌ±nÍ gÌ´Í‰ ÍÍ‰Í…cÌ¬ÌŸhÍ¡aÍ˜Ì«Ì»Ì¯oÌ«ÌŸÌ–ÍÌ™ÌÍ‰sÌ—Ì¦Ì².Ì¨Ì¹ÍˆÌ£,metadata,299
300,Other,list3,<svg><script>0<1>alert('XSS')</script>,other,300
301,US,list2,1E+02,other,301
302,US,list3,áš€,other,302
303,US,list1,1E+02,other,303
304,Mex,list2,â¢,metadata,304
305,Mex,list3,NIL,metadata,305
306,Other,list1,Ã¥ÃŸâˆ‚Æ’Â©Ë™âˆ†ËšÂ¬â€¦Ã¦,other,306
307,Other,list3,testâ testâ€«,other,307
308,US,list3,éƒ¨è½æ ¼,other,308
309,Mex,list3,ãƒ»(ï¿£âˆ€ï¿£)ãƒ»:*:,other,309
310,Mex,list1,ğ œğ œ±ğ ¹ğ ±“ğ ±¸ğ ²–ğ ³,other,310
311,Mex,list1,-1.00,metadata,311
312,Mex,list2,Ã…ÃÃÃËÃ“Ã”ï£¿Ã’ÃšÃ†â˜ƒ,other,312
313,Mex,list3,Â¸Ë›Ã‡â—ŠÄ±ËœÃ‚Â¯Ë˜Â¿,metadata,313
314,Mex,list3,null,metadata,314
315,Mex,list2,-1E02,other,315
316,Other,list2,"""''''""'""",metadata,316
317,Mex,list1,1E2,metadata,317
318,US,list1,NULL,metadata,318
319,Other,list3,ğŸ‘¾ ğŸ™‡ ğŸ’ ğŸ™… ğŸ™† ğŸ™‹ ğŸ™ ğŸ™ ,metadata,319
320,US,list3,-1E02,other,320
321,Mex,list3,0ï¸âƒ£ 1ï¸âƒ£ 2ï¸âƒ£ 3ï¸âƒ£ 4ï¸âƒ£ 5ï¸âƒ£ 6ï¸âƒ£ 7ï¸âƒ£ 8ï¸âƒ£ 9ï¸âƒ£ ğŸ”Ÿ,other,321
322,Mex,list3,0ï¸âƒ£ 1ï¸âƒ£ 2ï¸âƒ£ 3ï¸âƒ£ 4ï¸âƒ£ 5ï¸âƒ£ 6ï¸âƒ£ 7ï¸âƒ£ 8ï¸âƒ£ 9ï¸âƒ£ ğŸ”Ÿ,other,322
323,Mex,list2,ğŸ‘¾ ğŸ™‡ ğŸ’ ğŸ™… ğŸ™† ğŸ™‹ ğŸ™ ğŸ™ ,metadata,323
324,Mex,list2,1/2,other,324
325,Mex,list2,NULL,other,325
326,US,list3,Ã…ÃÃÃËÃ“Ã”ï£¿Ã’ÃšÃ†â˜ƒ,metadata,326
327,US,list3,â¡,other,327
328,Other,list2,Ã¥ÃŸâˆ‚Æ’Â©Ë™âˆ†ËšÂ¬â€¦Ã¦,other,328
329,US,list2,Â¸Ë›Ã‡â—ŠÄ±ËœÃ‚Â¯Ë˜Â¿,metadata,329
330,Mex,list3,ãƒ»(ï¿£âˆ€ï¿£)ãƒ»:*:,metadata,330
331,Mex,list3,null,metadata,331
332,Other,list3,1.00,metadata,332
333,Mex,list3,áš€,metadata,333
334,Mex,list1,"""""",other,334
335,US,list3,NULL,other,335
336,US,list3,ç¤¾æœƒç§‘å­¸é™¢èªå­¸ç ”ç©¶æ‰€,metadata,336
337,Other,list3,ï¼‘ï¼’ï¼“,other,337
338,Other,list1,`â„â‚¬â€¹â€ºï¬ï¬‚â€¡Â°Â·â€šâ€”Â±,other,338
339,Mex,list1,Å’â€Â´â€°Ë‡ÃÂ¨Ë†Ã˜âˆâ€â€™,metadata,339
340,Mex,list2,ğ œğ œ±ğ ¹ğ ±“ğ ±¸ğ ²–ğ ³,metadata,340
341,US,list3,Â¡â„¢Â£Â¢âˆÂ§Â¶â€¢ÂªÂºâ€“â‰ ,other,341
342,Mex,list3,"""'""'""''''""",metadata,342
343,US,list3,â£,other,343
344,Mex,list2,-1.00,other,344
345,Other,list2,á ,other,345
346,Other,list2,â€‹,other,346
347,Other,list2,áš€,metadata,347
348,Mex,list2,"<>?:""{}|_+",metadata,348
349,US,list1,ZÌ®ÌÍ…Ì Í™Í”AÌ¥Ì—ÌÍˆÌ»Ì—LÌ£Í™ÍÌ¯Ì¹ÌÍ“GÌ»OÌ­Ì—Ì®,metadata,349
350,US,list1,ğŸµ ğŸ™ˆ ğŸ™‰ ğŸ™Š,metadata,350
351,Other,list2,ç”°ä¸­ã•ã‚“ã«ã‚ã’ã¦ä¸‹ã•ã„,metadata,351
352,Other,list2,,other,352
353,Mex,list1,ğŸ‘©ğŸ½,other,353
354,US,list1,â€©testâ€©,metadata,354
355,Mex,list1,Ì¡Í“Í…ÌIÍÌ—Ì˜Ì¦nÍ‡Í‡Í™vÌ®Ì«okÌ²Ì«Ì™ÍˆiÌ–Í™Ì­Ì¹Ì ÌnÌ¡Ì»Ì®Ì£ÌºgÌ²ÍˆÍ™Ì­Í™Ì¬Í Ì°tÍ”Ì¦hÌÌ²eÌ¢Ì¤ ÍÌ¬Ì²Í–fÌ´Ì˜Í•Ì£eÍ€Í–eÌ£Ì¥Ì©lÍ–Í”ÍšiÍ Í“ÍšÌ¦nÍ–ÍÌ—Í“Ì³Ì®gÍ Ì¨oÍ¡ÍšÌªfÌ˜Ì£Ì¬ Ì–Ì˜Í–ÌŸÍ™Ì®cÒ‰Í”Ì«Í–Í“Í‡Í–Í…hÌµÌ¤Ì£ÍšÍ”aÍÌ—Ì¼Í…Í•oÌ¼Ì£Ì¥sÍ¢Ì±ÍˆÌºÌ–Ì¦Ì».Ì›Ì–ÌÌ Ì«Ì°,other,355
356,Mex,list3,1/0,metadata,356
357,US,list3,"<>?:""{}|_+",metadata,357
358,Other,list2,-1.00,other,358
359,Mex,list3,â¢,other,359
360,Mex,list3,`â„â‚¬â€¹â€ºï¬ï¬‚â€¡Â°Â·â€šâ€”Â±,metadata,360
361,Mex,list2,1.00,metadata,361
362,Other,list3,1,other,362
363,US,list2,00Ë™Æ–$-,metadata,363
364,Mex,list3,<img src=x onerror=alert('hi') />,metadata,364
365,US,list3,NULL,metadata,365
366,US,list1,1/0,other,366
367,Other,list3,(â•¯Â°â–¡Â°ï¼‰â•¯ï¸µ â”»â”â”»)  ,other,367
368,US,list2,ğŸ˜,other,368
369,Other,list2,å’Œè£½æ¼¢èª,metadata,369
370,Other,list1,-1/2,other,370
371,Other,list1,â°â´âµ,metadata,371
372,US,list2,â£,other,372
373,Mex,list3,() { 0; }; touch /tmp/blns.shellshock1.fail;,other,373
374,Other,list1,â¡,other,374
375,Mex,list1,-$1.00,metadata,375
376,US,list2,ï¼‘ï¼’ï¼“,metadata,376
377,Mex,list2,"'""'",other,377
378,US,list2,Ù¡Ù¢Ù£,other,378
379,US,list2,0ï¸âƒ£ 1ï¸âƒ£ 2ï¸âƒ£ 3ï¸âƒ£ 4ï¸âƒ£ 5ï¸âƒ£ 6ï¸âƒ£ 7ï¸âƒ£ 8ï¸âƒ£ 9ï¸âƒ£ ğŸ”Ÿ,other,379
380,Mex,list3,ì‚¬íšŒê³¼í•™ì› ì–´í•™ì—°êµ¬ì†Œ,metadata,380
381,Mex,list2,ç¤¾æœƒç§‘å­¸é™¢èªå­¸ç ”ç©¶æ‰€,metadata,381
382,Other,list1,",ã€‚ãƒ»:*:ãƒ»ã‚œâ€™( â˜» Ï‰ â˜» )ã€‚ãƒ»:*:ãƒ»ã‚œâ€™",other,382
383,Mex,list2,1;DROP TABLE users,metadata,383
384,US,list2,1/0,other,384
385,Other,list1,ğŸ‘¾ ğŸ™‡ ğŸ’ ğŸ™… ğŸ™† ğŸ™‹ ğŸ™ ğŸ™ ,metadata,385
386,US,list3,éƒ¨è½æ ¼,other,386
387,Mex,list2,1E2,metadata,387
388,US,list2,éƒ¨è½æ ¼,other,388
389,Other,list1,() { 0; }; touch /tmp/blns.shellshock1.fail;,other,389
390,Mex,list2,â°â´âµâ‚€â‚â‚‚,metadata,390
391,US,list1,"×‘Ö¼Ö°×¨Öµ××©×Ö´×™×ª, ×‘Ö¼Ö¸×¨Ö¸× ×Ö±×œÖ¹×”Ö´×™×, ×Öµ×ª ×”Ö·×©Ö¼×Ö¸×Ö·×™Ö´×, ×•Ö°×Öµ×ª ×”Ö¸×Ö¸×¨Ö¶×¥",metadata,391
392,Mex,list1,â¢,other,392
393,Other,list2,â¡,other,393
394,Mex,list2,1.00,other,394
395,US,list1,0ï¸âƒ£ 1ï¸âƒ£ 2ï¸âƒ£ 3ï¸âƒ£ 4ï¸âƒ£ 5ï¸âƒ£ 6ï¸âƒ£ 7ï¸âƒ£ 8ï¸âƒ£ 9ï¸âƒ£ ğŸ”Ÿ,other,395
396,US,list2,',metadata,396
397,Mex,list2,`â„â‚¬â€¹â€ºï¬ï¬‚â€¡Â°Â·â€šâ€”Â±,metadata,397
398,Mex,list1,ìš¸ë€ë°”í† ë¥´,metadata,398
399,US,list2,ZÌ®ÌÍ…Ì Í™Í”AÌ¥Ì—ÌÍˆÌ»Ì—LÌ£Í™ÍÌ¯Ì¹ÌÍ“GÌ»OÌ­Ì—Ì®,metadata,399
400,Other,list2,ï½€ï½¨(Â´âˆ€ï½€âˆ©,metadata,400
401,US,list2,0ï¸âƒ£ 1ï¸âƒ£ 2ï¸âƒ£ 3ï¸âƒ£ 4ï¸âƒ£ 5ï¸âƒ£ 6ï¸âƒ£ 7ï¸âƒ£ 8ï¸âƒ£ 9ï¸âƒ£ ğŸ”Ÿ,metadata,401
402,Mex,list1,"""""",metadata,402
403,US,list1,Å“âˆ‘Â´Â®â€ Â¥Â¨Ë†Ã¸Ï€â€œâ€˜,metadata,403
404,US,list1,Å“âˆ‘Â´Â®â€ Â¥Â¨Ë†Ã¸Ï€â€œâ€˜,metadata,404
405,Other,list3,",./;'[]\-=",metadata,405
406,Other,list3,"'""'",other,406
407,US,list2,ãƒ»(ï¿£âˆ€ï¿£)ãƒ»:*:,metadata,407
408,US,list2,1'; DROP TABLE users--,other,408
409,Other,list2,(ï½¡â—• âˆ€ â—•ï½¡),metadata,409
410,US,list3,Â¡â„¢Â£Â¢âˆÂ§Â¶â€¢ÂªÂºâ€“â‰ ,metadata,410
411,US,list2,Ã…ÃÃÃËÃ“Ã”ï£¿Ã’ÃšÃ†â˜ƒ,metadata,411
412,Other,list3,00Ë™Æ–$-,metadata,412
413,Mex,list2,1,other,413
414,US,list3,-1.00,metadata,414
415,Mex,list1,$1.00,metadata,415
416,US,list1,"""'""'""''''""",metadata,416
417,Mex,list2,Å’â€Â´â€°Ë‡ÃÂ¨Ë†Ã˜âˆâ€â€™,other,417
418,Mex,list1,0ï¸âƒ£ 1ï¸âƒ£ 2ï¸âƒ£ 3ï¸âƒ£ 4ï¸âƒ£ 5ï¸âƒ£ 6ï¸âƒ£ 7ï¸âƒ£ 8ï¸âƒ£ 9ï¸âƒ£ ğŸ”Ÿ,other,418
419,Other,list2,ï»¿,other,419
420,Other,list1,!@#$%^&*(),metadata,420
421,US,list3,â€©testâ€©,metadata,421
422,Other,list2,Ë™Énbá´‰lÉ ÉuÆƒÉÉ¯ ÇÉ¹olop Ê‡Ç ÇÉ¹oqÉl Ê‡n Ê‡unpá´‰pá´‰É”uá´‰ É¹odÉ¯ÇÊ‡ poÉ¯sná´‰Ç op pÇs 'Ê‡á´‰lÇ Æƒuá´‰É”sá´‰dá´‰pÉ É¹nÊ‡ÇÊ‡É”ÇsuoÉ” 'Ê‡ÇÉ¯É Ê‡á´‰s É¹olop É¯nsdá´‰ É¯ÇÉ¹oË¥,other,422
423,Other,list1,1,metadata,423
424,Other,list2,Ë™Énbá´‰lÉ ÉuÆƒÉÉ¯ ÇÉ¹olop Ê‡Ç ÇÉ¹oqÉl Ê‡n Ê‡unpá´‰pá´‰É”uá´‰ É¹odÉ¯ÇÊ‡ poÉ¯sná´‰Ç op pÇs 'Ê‡á´‰lÇ Æƒuá´‰É”sá´‰dá´‰pÉ É¹nÊ‡ÇÊ‡É”ÇsuoÉ” 'Ê‡ÇÉ¯É Ê‡á´‰s É¹olop É¯nsdá´‰ É¯ÇÉ¹oË¥,other,424
425,Other,list3,$1.00,metadata,425
426,Other,list3,1,other,426
427,US,list1,() { 0; }; touch /tmp/blns.shellshock1.fail;,metadata,427
428,Other,list3,-1/2,other,428
429,Mex,list2,"'""'",other,429
430,Other,list3,ãƒ‘ãƒ¼ãƒ†ã‚£ãƒ¼ã¸è¡Œã‹ãªã„ã‹,metadata,430
431,Mex,list3,â‚€â‚â‚‚,metadata,431
432,US,list3,â¢,metadata,432
433,US,list3,"""""",metadata,433
434,US,list1,â€«testâ€«,metadata,434
435,Other,list1,NULL,other,435
436,Mex,list3,TÌ•Ì­ÌºÌºoÍ Ì·iÌ²Ì¬Í‡ÌªÍ™nÌÌ—Í•vÍŸÌŸÌœÌ˜Ì¦oÌ¶Ì™Ì°Ì keÍ€ÍšÌ®ÌºÌªÌ¹Ì±Ì¤ Ì–tÍÌÍ•Ì³Ì£Ì»ÌªhÌ¼Í“Ì²Ì¦Ì³Ì˜Ì²eÍ‡Ì£Ì°Ì¦Ì¬Í Ì¢Ì¼Ì»Ì±Ì˜hÍ…ÍšÍÍ™ÌœÌ£Ì²iÌ¦Ì²Ì£Ì°Ì¤vÌ»ÍeÌºÌ­Ì³ÌªÌ°-mÌ¢iÍ…nÌ–ÌºÌÌ²Ì¯Ì°dÌµÌ¼ÌŸÍ™Ì©Ì¼Ì˜Ì³ ÌÌ¥Ì±Ì³Ì­rÌ›Ì—Ì˜eÍ™pÍ rÌ¼ÌÌ»Ì­Ì—eÍŸÌºÌ Ì£sÌ˜Í‡Ì³ÍÌÍ‰eÍœÍ‰Ì¥Ì¯ÌÌ²ÍšÌ¬nÍ€Ì¬ÍÍÌŸÌ–Í‡Ì¤tÍ˜ÍÌ¬Í…Ì¤Í“Ì¼Ì­iÌªÌ±nÍ gÌ´Í‰ ÍÍ‰Í…cÌ¬ÌŸhÍ¡aÍ˜Ì«Ì»Ì¯oÌ«ÌŸÌ–ÍÌ™ÌÍ‰sÌ—Ì¦Ì².Ì¨Ì¹ÍˆÌ£,metadata,436
437,Mex,list2,TÌ•Ì­ÌºÌºoÍ Ì·iÌ²Ì¬Í‡ÌªÍ™nÌÌ—Í•vÍŸÌŸÌœÌ˜Ì¦oÌ¶Ì™Ì°Ì keÍ€ÍšÌ®ÌºÌªÌ¹Ì±Ì¤ Ì–tÍÌÍ•Ì³Ì£Ì»ÌªhÌ¼Í“Ì²Ì¦Ì³Ì˜Ì²eÍ‡Ì£Ì°Ì¦Ì¬Í Ì¢Ì¼Ì»Ì±Ì˜hÍ…ÍšÍÍ™ÌœÌ£Ì²iÌ¦Ì²Ì£Ì°Ì¤vÌ»ÍeÌºÌ­Ì³ÌªÌ°-mÌ¢iÍ…nÌ–ÌºÌÌ²Ì¯Ì°dÌµÌ¼ÌŸÍ™Ì©Ì¼Ì˜Ì³ ÌÌ¥Ì±Ì³Ì­rÌ›Ì—Ì˜eÍ™pÍ rÌ¼ÌÌ»Ì­Ì—eÍŸÌºÌ Ì£sÌ˜Í‡Ì³ÍÌÍ‰eÍœÍ‰Ì¥Ì¯ÌÌ²ÍšÌ¬nÍ€Ì¬ÍÍÌŸÌ–Í‡Ì¤tÍ˜ÍÌ¬Í…Ì¤Í“Ì¼Ì­iÌªÌ±nÍ gÌ´Í‰ ÍÍ‰Í…cÌ¬ÌŸhÍ¡aÍ˜Ì«Ì»Ì¯oÌ«ÌŸÌ–ÍÌ™ÌÍ‰sÌ—Ì¦Ì².Ì¨Ì¹ÍˆÌ£,other,437
438,US,list3,â¤ï¸ ğŸ’” ğŸ’Œ ğŸ’• ğŸ’ ğŸ’“ ğŸ’— ğŸ’– ğŸ’˜ ğŸ’ ğŸ’Ÿ ğŸ’œ ğŸ’› ğŸ’š ğŸ’™,other,438
439,US,list1,"×‘Ö¼Ö°×¨Öµ××©×Ö´×™×ª, ×‘Ö¼Ö¸×¨Ö¸× ×Ö±×œÖ¹×”Ö´×™×, ×Öµ×ª ×”Ö·×©Ö¼×Ö¸×Ö·×™Ö´×, ×•Ö°×Öµ×ª ×”Ö¸×Ö¸×¨Ö¶×¥",other,439
440,Mex,list2,â€«testâ€«,other,440
441,Other,list2,() { 0; }; touch /tmp/blns.shellshock1.fail;,other,441
442,Mex,list3,999999999999999999999999999999999999999999999999999999999999999999999999999999999999999999999999,other,442
443,Mex,list3,ìš¸ë€ë°”í† ë¥´,other,443
444,US,list1,NIL,metadata,444
445,US,list3,NIL,metadata,445
446,Other,list2,×”Ö¸×™Ö°×ªÖ¸×”testØ§Ù„ØµÙØ­Ø§Øª Ø§Ù„ØªÙ‘Ø­ÙˆÙ„,metadata,446
447,Other,list1,ç”°ä¸­ã•ã‚“ã«ã‚ã’ã¦ä¸‹ã•ã„,other,447
448,US,list2,á ,other,448
449,US,list3,",ã€‚ãƒ»:*:ãƒ»ã‚œâ€™( â˜» Ï‰ â˜» )ã€‚ãƒ»:*:ãƒ»ã‚œâ€™",metadata,449
450,US,list1,â€‹,metadata,450
451,Other,list1,<svg><script>0<1>alert('XSS')</script>,metadata,451
452,Other,list1,<script>alert('hi')</script>,metadata,452
453,US,list2,/dev/null; touch /tmp/blns.fail ; echo,other,453
454,US,list2,',metadata,454
455,Mex,list2,â¢,other,455
456,Mex,list3,ï½€ï½¨(Â´âˆ€ï½€âˆ©,metadata,456
457,Mex,list1,../../../../../../../../../../../etc/passwd%00,metadata,457
458,Mex,list1,ğŸš¾ ğŸ†’ ğŸ†“ ğŸ†• ğŸ†– ğŸ†— ğŸ†™ ğŸ§,other,458
459,Mex,list1,0ï¸âƒ£ 1ï¸âƒ£ 2ï¸âƒ£ 3ï¸âƒ£ 4ï¸âƒ£ 5ï¸âƒ£ 6ï¸âƒ£ 7ï¸âƒ£ 8ï¸âƒ£ 9ï¸âƒ£ ğŸ”Ÿ,metadata,459
460,Mex,list2,(ï¾‰à²¥ç›Šà²¥ï¼‰ï¾‰ï»¿ â”»â”â”»,metadata,460
461,Other,list1,$1.00,other,461
462,US,list1,1'; DROP TABLE users--,other,462
463,Other,list3,-1E2,other,463
464,Other,list1,Ì—ÌºÍ–Ì¹Ì¯Í“TÌ±Ì¤ÍÌ¥Í‡ÍˆhÍÌ²eÍÍ“Ì¼Ì—Ì™Ì¼Ì£Í” Í‡ÌœÌ±Ì Í“ÍÍ…NÍ Í•eÌ—Ì±zÌ˜ÌÌœÌºÍ™pÌ¤ÌºÌ¹ÍÌ¯ÍšeÍœÌ Ì»Ì rÌ¨Ì¤ÍÌºÌ–Í”Ì–Ì–dÍŸÌ ÌŸÌ­Ì¬ÌiÌ¦Í–Ì©Í“Í”Ì¤aÌ Ì—Ì¬Í‰Ì™nÍœÍš Ì»ÌÌ°ÍšÍ…hÌµÍ‰iÌ³ÌvÌ¢Í‡eÍŸÌ­Í-Ò‰Ì­Ì©Ì¼Í”mÌ¤Ì­Ì«iÍ•Í‡ÌÌ¦nÌ—Í™dÌ£ÌŸ ÍÌ¯Ì²Í•oÌ¨ÌŸÌ¯Ì°Ì²Í™Ì»Ìf Í˜ÌªÌ°Ì°Ì—Ì–Ì­Ì˜cÌ¦ÍÌ²ÌÍÌ©Ì™hÌ£ÍšaÍœÌ®ÍÌŸÌ™oÌ›Ì©Ì¹ÍsÌ¤.ÌÌ Ò‰ZÌ¡Ì–ÌœÍ–Ì°Ì£Í‰ÌœaÍ¡Í–Ì°Í™Ì¬lÌ²Ì«Ì³ÍÌ©gÌ¡ÌŸÌ¼Ì±ÍšÌÌ¬Í…oÍœÌ—.ÌŸ,metadata,464
465,US,list1,1/2,other,465
466,Other,list1,â¡,other,466
467,Mex,list2,âœ‹ğŸ¿ ğŸ’ªğŸ¿ ğŸ‘ğŸ¿ ğŸ™ŒğŸ¿ ğŸ‘ğŸ¿ ğŸ™ğŸ¿,other,467
468,US,list1,"__ï¾›(,_,*)",other,468
469,Mex,list1,',metadata,469
470,Mex,list2,1E+02,metadata,470
471,Other,list1,ï½€ï½¨(Â´âˆ€ï½€âˆ©,other,471
472,Mex,list2,<svg><script>0<1>alert('XSS')</script>,other,472
473,Mex,list2,Ì—ÌºÍ–Ì¹Ì¯Í“TÌ±Ì¤ÍÌ¥Í‡ÍˆhÍÌ²eÍÍ“Ì¼Ì—Ì™Ì¼Ì£Í” Í‡ÌœÌ±Ì Í“ÍÍ…NÍ Í•eÌ—Ì±zÌ˜ÌÌœÌºÍ™pÌ¤ÌºÌ¹ÍÌ¯ÍšeÍœÌ Ì»Ì rÌ¨Ì¤ÍÌºÌ–Í”Ì–Ì–dÍŸÌ ÌŸÌ­Ì¬ÌiÌ¦Í–Ì©Í“Í”Ì¤aÌ Ì—Ì¬Í‰Ì™nÍœÍš Ì»ÌÌ°ÍšÍ…hÌµÍ‰iÌ³ÌvÌ¢Í‡eÍŸÌ­Í-Ò‰Ì­Ì©Ì¼Í”mÌ¤Ì­Ì«iÍ•Í‡ÌÌ¦nÌ—Í™dÌ£ÌŸ ÍÌ¯Ì²Í•oÌ¨ÌŸÌ¯Ì°Ì²Í™Ì»Ìf Í˜ÌªÌ°Ì°Ì—Ì–Ì­Ì˜cÌ¦ÍÌ²ÌÍÌ©Ì™hÌ£ÍšaÍœÌ®ÍÌŸÌ™oÌ›Ì©Ì¹ÍsÌ¤.ÌÌ Ò‰ZÌ¡Ì–ÌœÍ–Ì°Ì£Í‰ÌœaÍ¡Í–Ì°Í™Ì¬lÌ²Ì«Ì³ÍÌ©gÌ¡ÌŸÌ¼Ì±ÍšÌÌ¬Í…oÍœÌ—.ÌŸ,other,473
474,Other,list1,() { _; } >_[$($())] { touch /tmp/blns.shellshock2.fail; },other,474
475,Mex,list1,â¢,metadata,475
476,US,list2,() { _; } >_[$($())] { touch /tmp/blns.shellshock2.fail; },metadata,476
477,US,list3,(ï¾‰à²¥ç›Šà²¥ï¼‰ï¾‰ï»¿ â”»â”â”»,other,477
478,Other,list2,NULL,other,478
479,Mex,list3,-1E+02,metadata,479
480,Other,list1,1;DROP TABLE users,other,480
481,US,list2,1E+02,metadata,481
482,Other,list1,âœ‹ğŸ¿ ğŸ’ªğŸ¿ ğŸ‘ğŸ¿ ğŸ™ŒğŸ¿ ğŸ‘ğŸ¿ ğŸ™ğŸ¿,metadata,482
483,US,list1,Ã¥ÃŸâˆ‚Æ’Â©Ë™âˆ†ËšÂ¬â€¦Ã¦,metadata,483
484,Other,list2,`â„â‚¬â€¹â€ºï¬ï¬‚â€¡Â°Â·â€šâ€”Â±,metadata,484
485,US,list3,1/0,other,485
486,Other,list1,<svg><script>0<1>alert('XSS')</script>,other,486
487,US,list3,ì‚¬íšŒê³¼í•™ì› ì–´í•™ì—°êµ¬ì†Œ,other,487
488,US,list1,â°â´âµ,other,488
489,US,list2,-1E+02,metadata,489
490,Other,list2,Ù¡Ù¢Ù£,other,490
491,US,list1,-$1.00,metadata,491
492,Other,list2,<svg><script>0<1>alert('XSS')</script>,other,492
493,Other,list1,"'""'",metadata,493
494,US,list2,-1E+02,other,494
495,Mex,list1,Å“âˆ‘Â´Â®â€ Â¥Â¨Ë†Ã¸Ï€â€œâ€˜,metadata,495
496,US,list1,TÌ•Ì­ÌºÌºoÍ Ì·iÌ²Ì¬Í‡ÌªÍ™nÌÌ—Í•vÍŸÌŸÌœÌ˜Ì¦oÌ¶Ì™Ì°Ì keÍ€ÍšÌ®ÌºÌªÌ¹Ì±Ì¤ Ì–tÍÌÍ•Ì³Ì£Ì»ÌªhÌ¼Í“Ì²Ì¦Ì³Ì˜Ì²eÍ‡Ì£Ì°Ì¦Ì¬Í Ì¢Ì¼Ì»Ì±Ì˜hÍ…ÍšÍÍ™ÌœÌ£Ì²iÌ¦Ì²Ì£Ì°Ì¤vÌ»ÍeÌºÌ­Ì³ÌªÌ°-mÌ¢iÍ…nÌ–ÌºÌÌ²Ì¯Ì°dÌµÌ¼ÌŸÍ™Ì©Ì¼Ì˜Ì³ ÌÌ¥Ì±Ì³Ì­rÌ›Ì—Ì˜eÍ™pÍ rÌ¼ÌÌ»Ì­Ì—eÍŸÌºÌ Ì£sÌ˜Í‡Ì³ÍÌÍ‰eÍœÍ‰Ì¥Ì¯ÌÌ²ÍšÌ¬nÍ€Ì¬ÍÍÌŸÌ–Í‡Ì¤tÍ˜ÍÌ¬Í…Ì¤Í“Ì¼Ì­iÌªÌ±nÍ gÌ´Í‰ ÍÍ‰Í…cÌ¬ÌŸhÍ¡aÍ˜Ì«Ì»Ì¯oÌ«ÌŸÌ–ÍÌ™ÌÍ‰sÌ—Ì¦Ì².Ì¨Ì¹ÍˆÌ£,other,496
497,Mex,list3,1,other,497
498,Mex,list1,1,other,498
499,Mex,list2,0.00,metadata,499
500,US,list1,1E+02,metadata,500
501,US,list1,0/0,metadata,501
502,Mex,list2,1'; DROP TABLE users--,metadata,502
503,Mex,list1,NULL,other,503
504,US,list1,1.00,other,504
505,Mex,list2,(ï½¡â—• âˆ€ â—•ï½¡),other,505
506,US,list3,<img src=x onerror=alert('hi') />,metadata,506
507,Mex,list3,"""",metadata,507
508,Mex,list1,"×‘Ö¼Ö°×¨Öµ××©×Ö´×™×ª, ×‘Ö¼Ö¸×¨Ö¸× ×Ö±×œÖ¹×”Ö´×™×, ×Öµ×ª ×”Ö·×©Ö¼×Ö¸×Ö·×™Ö´×, ×•Ö°×Öµ×ª ×”Ö¸×Ö¸×¨Ö¶×¥",other,508
509,Other,list2,Î©â‰ˆÃ§âˆšâˆ«ËœÂµâ‰¤â‰¥Ã·,metadata,509
510,US,list3,<svg><script>0<1>alert('XSS')</script>,other,510
511,Mex,list2,!@#$%^&*(),other,511
512,Other,list3,ğ œğ œ±ğ ¹ğ ±“ğ ±¸ğ ²–ğ ³,other,512
513,Other,list2,(â•¯Â°â–¡Â°ï¼‰â•¯ï¸µ â”»â”â”»)  ,metadata,513
514,Other,list3,"'""'",other,514
515,US,list2,å’Œè£½æ¼¢èª,other,515
516,Other,list2,-1,metadata,516
517,Mex,list2,",./;'[]\-=",metadata,517
518,US,list2,â€ªâ€ªtestâ€ª,metadata,518
519,Other,list3,â€«testâ€«,other,519
520,Mex,list3,ì‚¬íšŒê³¼í•™ì› ì–´í•™ì—°êµ¬ì†Œ,other,520
521,Mex,list1,Ã…ÃÃÃËÃ“Ã”ï£¿Ã’ÃšÃ†â˜ƒ,metadata,521
522,US,list1,"'""'",other,522
523,Other,list2,"""''''""'""",other,523
524,Mex,list1,×”Ö¸×™Ö°×ªÖ¸×”testØ§Ù„ØµÙØ­Ø§Øª Ø§Ù„ØªÙ‘Ø­ÙˆÙ„,other,524
525,Other,list3,1E02,other,525
526,US,list1,TÌ•Ì­ÌºÌºoÍ Ì·iÌ²Ì¬Í‡ÌªÍ™nÌÌ—Í•vÍŸÌŸÌœÌ˜Ì¦oÌ¶Ì™Ì°Ì keÍ€ÍšÌ®ÌºÌªÌ¹Ì±Ì¤ Ì–tÍÌÍ•Ì³Ì£Ì»ÌªhÌ¼Í“Ì²Ì¦Ì³Ì˜Ì²eÍ‡Ì£Ì°Ì¦Ì¬Í Ì¢Ì¼Ì»Ì±Ì˜hÍ…ÍšÍÍ™ÌœÌ£Ì²iÌ¦Ì²Ì£Ì°Ì¤vÌ»ÍeÌºÌ­Ì³ÌªÌ°-mÌ¢iÍ…nÌ–ÌºÌÌ²Ì¯Ì°dÌµÌ¼ÌŸÍ™Ì©Ì¼Ì˜Ì³ ÌÌ¥Ì±Ì³Ì­rÌ›Ì—Ì˜eÍ™pÍ rÌ¼ÌÌ»Ì­Ì—eÍŸÌºÌ Ì£sÌ˜Í‡Ì³ÍÌÍ‰eÍœÍ‰Ì¥Ì¯ÌÌ²ÍšÌ¬nÍ€Ì¬ÍÍÌŸÌ–Í‡Ì¤tÍ˜ÍÌ¬Í…Ì¤Í“Ì¼Ì­iÌªÌ±nÍ gÌ´Í‰ ÍÍ‰Í…cÌ¬ÌŸhÍ¡aÍ˜Ì«Ì»Ì¯oÌ«ÌŸÌ–ÍÌ™ÌÍ‰sÌ—Ì¦Ì².Ì¨Ì¹ÍˆÌ£,metadata,526
527,Mex,list3,Ì¦HÍÌ¬Ì¤Ì—Ì¤eÍœ ÍÌœÌ¥ÌÌ»ÍÌŸwÌ•hÌ–Ì¯Í“oÌÍ™Ì–ÍÌ±Ì® Ò‰ÌºÌ™ÌÌŸÍˆWÌ·Ì¼Ì­aÌºÌªÍiÌ¨ÍˆÍ•Ì­Í™Ì¯ÌœtÌ¶Ì¼Ì®sÌ•Ì˜Í™Í– Ì Ì«Ì BÌ»ÍÍ…Í™Í‰Ì³eÌµhÌµÌ¬Í‡Ì«Í™iÌ•Ì¹Í“Ì³Ì³Ì®ÍÌ«nÍŸdÌ´ÌªÌœÌ– ÍÌ°Í‰Ì©Í…Í‡Í™Ì²TÍ¢Í–Ì¼Í“ÌªhÍÍ“Ì®Ì»eÌ¬ÌÍ…ÌŸ Ì¤Ì¹ÌWÍÍ…Í™ÌÌÍ”Í‡aÍÍ“Í”Ì¹Ì¼Ì£lÌ´Í”Ì°Ì¤ÌŸÍ”lÌ­Ì«.Í•,other,527
528,Mex,list1,ğŸ‘¾ ğŸ™‡ ğŸ’ ğŸ™… ğŸ™† ğŸ™‹ ğŸ™ ğŸ™ ,other,528
529,Mex,list2,`â„â‚¬â€¹â€ºï¬ï¬‚â€¡Â°Â·â€šâ€”Â±,metadata,529
530,US,list2,â€‹,other,530
531,Mex,list1,null,metadata,531
532,Mex,list1,-1.00,metadata,532
533,US,list2,TÌ•Ì­ÌºÌºoÍ Ì·iÌ²Ì¬Í‡ÌªÍ™nÌÌ—Í•vÍŸÌŸÌœÌ˜Ì¦oÌ¶Ì™Ì°Ì keÍ€ÍšÌ®ÌºÌªÌ¹Ì±Ì¤ Ì–tÍÌÍ•Ì³Ì£Ì»ÌªhÌ¼Í“Ì²Ì¦Ì³Ì˜Ì²eÍ‡Ì£Ì°Ì¦Ì¬Í Ì¢Ì¼Ì»Ì±Ì˜hÍ…ÍšÍÍ™ÌœÌ£Ì²iÌ¦Ì²Ì£Ì°Ì¤vÌ»ÍeÌºÌ­Ì³ÌªÌ°-mÌ¢iÍ…nÌ–ÌºÌÌ²Ì¯Ì°dÌµÌ¼ÌŸÍ™Ì©Ì¼Ì˜Ì³ ÌÌ¥Ì±Ì³Ì­rÌ›Ì—Ì˜eÍ™pÍ rÌ¼ÌÌ»Ì­Ì—eÍŸÌºÌ Ì£sÌ˜Í‡Ì³ÍÌÍ‰eÍœÍ‰Ì¥Ì¯ÌÌ²ÍšÌ¬nÍ€Ì¬ÍÍÌŸÌ–Í‡Ì¤tÍ˜ÍÌ¬Í…Ì¤Í“Ì¼Ì­iÌªÌ±nÍ gÌ´Í‰ ÍÍ‰Í…cÌ¬ÌŸhÍ¡aÍ˜Ì«Ì»Ì¯oÌ«ÌŸÌ–ÍÌ™ÌÍ‰sÌ—Ì¦Ì².Ì¨Ì¹ÍˆÌ£,other,533
534,Mex,list1,ğŸµ ğŸ™ˆ ğŸ™‰ ğŸ™Š,metadata,534
535,Other,list2,â‚€â‚â‚‚,other,535
536,Other,list1,Î©â‰ˆÃ§âˆšâˆ«ËœÂµâ‰¤â‰¥Ã·,metadata,536
537,Mex,list2,Ù¡Ù¢Ù£,other,537
538,Mex,list1,<img src=x onerror=alert('hi') />,metadata,538
539,Mex,list1,`â„â‚¬â€¹â€ºï¬ï¬‚â€¡Â°Â·â€šâ€”Â±,metadata,539
540,Mex,list3,ãƒ»(ï¿£âˆ€ï¿£)ãƒ»:*:,other,540
541,Mex,list2,1'; DROP TABLE users--,other,541
542,Other,list2,"×‘Ö¼Ö°×¨Öµ××©×Ö´×™×ª, ×‘Ö¼Ö¸×¨Ö¸× ×Ö±×œÖ¹×”Ö´×™×, ×Öµ×ª ×”Ö·×©Ö¼×Ö¸×Ö·×™Ö´×, ×•Ö°×Öµ×ª ×”Ö¸×Ö¸×¨Ö¶×¥",other,542
543,Other,list2,ç”°ä¸­ã•ã‚“ã«ã‚ã’ã¦ä¸‹ã•ã„,other,543
544,Mex,list1,Ì—ÌºÍ–Ì¹Ì¯Í“TÌ±Ì¤ÍÌ¥Í‡ÍˆhÍÌ²eÍÍ“Ì¼Ì—Ì™Ì¼Ì£Í” Í‡ÌœÌ±Ì Í“ÍÍ…NÍ Í•eÌ—Ì±zÌ˜ÌÌœÌºÍ™pÌ¤ÌºÌ¹ÍÌ¯ÍšeÍœÌ Ì»Ì rÌ¨Ì¤ÍÌºÌ–Í”Ì–Ì–dÍŸÌ ÌŸÌ­Ì¬ÌiÌ¦Í–Ì©Í“Í”Ì¤aÌ Ì—Ì¬Í‰Ì™nÍœÍš Ì»ÌÌ°ÍšÍ…hÌµÍ‰iÌ³ÌvÌ¢Í‡eÍŸÌ­Í-Ò‰Ì­Ì©Ì¼Í”mÌ¤Ì­Ì«iÍ•Í‡ÌÌ¦nÌ—Í™dÌ£ÌŸ ÍÌ¯Ì²Í•oÌ¨ÌŸÌ¯Ì°Ì²Í™Ì»Ìf Í˜ÌªÌ°Ì°Ì—Ì–Ì­Ì˜cÌ¦ÍÌ²ÌÍÌ©Ì™hÌ£ÍšaÍœÌ®ÍÌŸÌ™oÌ›Ì©Ì¹ÍsÌ¤.ÌÌ Ò‰ZÌ¡Ì–ÌœÍ–Ì°Ì£Í‰ÌœaÍ¡Í–Ì°Í™Ì¬lÌ²Ì«Ì³ÍÌ©gÌ¡ÌŸÌ¼Ì±ÍšÌÌ¬Í…oÍœÌ—.ÌŸ,other,544
545,Other,list1,1.00,other,545
546,Other,list3,<script>alert('hi')</script>,metadata,546
547,Other,list3,"__ï¾›(,_,*)",other,547
548,US,list2,ãƒ‘ãƒ¼ãƒ†ã‚£ãƒ¼ã¸è¡Œã‹ãªã„ã‹,metadata,548
549,Other,list1,-1/2,other,549
550,Mex,list2,-1E2,other,550
551,US,list3,ğŸµ ğŸ™ˆ ğŸ™‰ ğŸ™Š,metadata,551
552,Mex,list3,éƒ¨è½æ ¼,other,552
553,US,list1,Ì¡Í“Í…ÌIÍÌ—Ì˜Ì¦nÍ‡Í‡Í™vÌ®Ì«okÌ²Ì«Ì™ÍˆiÌ–Í™Ì­Ì¹Ì ÌnÌ¡Ì»Ì®Ì£ÌºgÌ²ÍˆÍ™Ì­Í™Ì¬Í Ì°tÍ”Ì¦hÌÌ²eÌ¢Ì¤ ÍÌ¬Ì²Í–fÌ´Ì˜Í•Ì£eÍ€Í–eÌ£Ì¥Ì©lÍ–Í”ÍšiÍ Í“ÍšÌ¦nÍ–ÍÌ—Í“Ì³Ì®gÍ Ì¨oÍ¡ÍšÌªfÌ˜Ì£Ì¬ Ì–Ì˜Í–ÌŸÍ™Ì®cÒ‰Í”Ì«Í–Í“Í‡Í–Í…hÌµÌ¤Ì£ÍšÍ”aÍÌ—Ì¼Í…Í•oÌ¼Ì£Ì¥sÍ¢Ì±ÍˆÌºÌ–Ì¦Ì».Ì›Ì–ÌÌ Ì«Ì°,other,553
554,Other,list1,ï¾Ÿï½¥âœ¿ãƒ¾â•²(ï½¡â—•â€¿â—•ï½¡)â•±âœ¿ï½¥ï¾Ÿ,other,554
555,Other,list2,Ã¥ÃŸâˆ‚Æ’Â©Ë™âˆ†ËšÂ¬â€¦Ã¦,other,555
556,Other,list1,1/2,metadata,556
557,US,list2,(ï¾‰à²¥ç›Šà²¥ï¼‰ï¾‰ï»¿ â”»â”â”»,metadata,557
558,Other,list1,â¤ï¸ ğŸ’” ğŸ’Œ ğŸ’• ğŸ’ ğŸ’“ ğŸ’— ğŸ’– ğŸ’˜ ğŸ’ ğŸ’Ÿ ğŸ’œ ğŸ’› ğŸ’š ğŸ’™,metadata,558
559,Mex,list2,1'; DROP TABLE users--,other,559
560,Mex,list3,() { 0; }; touch /tmp/blns.shellshock1.fail;,metadata,560
561,US,list1,ï½€ï½¨(Â´âˆ€ï½€âˆ©,other,561
562,Other,list2,',other,562
563,US,list3,â¡,other,563
564,Other,list2,â€«testâ€«,other,564
565,US,list2,<svg><script>0<1>alert('XSS')</script>,metadata,565
566,Mex,list3,1/0,other,566
567,US,list2,1;DROP TABLE users,other,567
568,Other,list3,1/2,metadata,568
569,US,list1,999999999999999999999999999999999999999999999999999999999999999999999999999999999999999999999999,other,569
570,Other,list1,-1/2,metadata,570
571,Other,list2,å’Œè£½æ¼¢èª,other,571
572,US,list2,Ì¡Í“Í…ÌIÍÌ—Ì˜Ì¦nÍ‡Í‡Í™vÌ®Ì«okÌ²Ì«Ì™ÍˆiÌ–Í™Ì­Ì¹Ì ÌnÌ¡Ì»Ì®Ì£ÌºgÌ²ÍˆÍ™Ì­Í™Ì¬Í Ì°tÍ”Ì¦hÌÌ²eÌ¢Ì¤ ÍÌ¬Ì²Í–fÌ´Ì˜Í•Ì£eÍ€Í–eÌ£Ì¥Ì©lÍ–Í”ÍšiÍ Í“ÍšÌ¦nÍ–ÍÌ—Í“Ì³Ì®gÍ Ì¨oÍ¡ÍšÌªfÌ˜Ì£Ì¬ Ì–Ì˜Í–ÌŸÍ™Ì®cÒ‰Í”Ì«Í–Í“Í‡Í–Í…hÌµÌ¤Ì£ÍšÍ”aÍÌ—Ì¼Í…Í•oÌ¼Ì£Ì¥sÍ¢Ì±ÍˆÌºÌ–Ì¦Ì».Ì›Ì–ÌÌ Ì«Ì°,other,572
573,Other,list3,testâ testâ€«,metadata,573
574,Other,list1,nil,other,574
575,US,list3,Ì¡Í“Í…ÌIÍÌ—Ì˜Ì¦nÍ‡Í‡Í™vÌ®Ì«okÌ²Ì«Ì™ÍˆiÌ–Í™Ì­Ì¹Ì ÌnÌ¡Ì»Ì®Ì£ÌºgÌ²ÍˆÍ™Ì­Í™Ì¬Í Ì°tÍ”Ì¦hÌÌ²eÌ¢Ì¤ ÍÌ¬Ì²Í–fÌ´Ì˜Í•Ì£eÍ€Í–eÌ£Ì¥Ì©lÍ–Í”ÍšiÍ Í“ÍšÌ¦nÍ–ÍÌ—Í“Ì³Ì®gÍ Ì¨oÍ¡ÍšÌªfÌ˜Ì£Ì¬ Ì–Ì˜Í–ÌŸÍ™Ì®cÒ‰Í”Ì«Í–Í“Í‡Í–Í…hÌµÌ¤Ì£ÍšÍ”aÍÌ—Ì¼Í…Í•oÌ¼Ì£Ì¥sÍ¢Ì±ÍˆÌºÌ–Ì¦Ì».Ì›Ì–ÌÌ Ì«Ì°,other,575
576,Mex,list3,NIL,metadata,576
577,Other,list1,'',other,577
578,US,list3,1E2,metadata,578
579,US,list3,ï»¿,metadata,579
580,US,list2,nil,other,580
581,Mex,list2,(ï½¡â—• âˆ€ â—•ï½¡),metadata,581
582,Other,list2,`â„â‚¬â€¹â€ºï¬ï¬‚â€¡Â°Â·â€šâ€”Â±,other,582
583,Mex,list3,ï¾Ÿï½¥âœ¿ãƒ¾â•²(ï½¡â—•â€¿â—•ï½¡)â•±âœ¿ï½¥ï¾Ÿ,other,583
584,US,list2,<img src=x onerror=alert('hi') />,other,584
585,Other,list1,â¦testâ§,metadata,585
586,Mex,list1,999999999999999999999999999999999999999999999999999999999999999999999999999999999999999999999999,other,586
587,Mex,list1,ï»¿,metadata,587
588,Other,list3,!@#$%^&*(),metadata,588
589,US,list3,Ì¦HÍÌ¬Ì¤Ì—Ì¤eÍœ ÍÌœÌ¥ÌÌ»ÍÌŸwÌ•hÌ–Ì¯Í“oÌÍ™Ì–ÍÌ±Ì® Ò‰ÌºÌ™ÌÌŸÍˆWÌ·Ì¼Ì­aÌºÌªÍiÌ¨ÍˆÍ•Ì­Í™Ì¯ÌœtÌ¶Ì¼Ì®sÌ•Ì˜Í™Í– Ì Ì«Ì BÌ»ÍÍ…Í™Í‰Ì³eÌµhÌµÌ¬Í‡Ì«Í™iÌ•Ì¹Í“Ì³Ì³Ì®ÍÌ«nÍŸdÌ´ÌªÌœÌ– ÍÌ°Í‰Ì©Í…Í‡Í™Ì²TÍ¢Í–Ì¼Í“ÌªhÍÍ“Ì®Ì»eÌ¬ÌÍ…ÌŸ Ì¤Ì¹ÌWÍÍ…Í™ÌÌÍ”Í‡aÍÍ“Í”Ì¹Ì¼Ì£lÌ´Í”Ì°Ì¤ÌŸÍ”lÌ­Ì«.Í•,metadata,589
590,Mex,list1,ã€€,metadata,590
591,US,list3,ï½€ï½¨(Â´âˆ€ï½€âˆ©,other,591
592,US,list2,ìš¸ë€ë°”í† ë¥´,other,592
593,US,list1,ZÌ®ÌÍ…Ì Í™Í”AÌ¥Ì—ÌÍˆÌ»Ì—LÌ£Í™ÍÌ¯Ì¹ÌÍ“GÌ»OÌ­Ì—Ì®,other,593
594,US,list3,Â¡â„¢Â£Â¢âˆÂ§Â¶â€¢ÂªÂºâ€“â‰ ,other,594
595,Mex,list2,(â•¯Â°â–¡Â°ï¼‰â•¯ï¸µ â”»â”â”»)  ,metadata,595
596,Other,list1,-1E+02,metadata,596
597,Other,list1,ğ œğ œ±ğ ¹ğ ±“ğ ±¸ğ ²–ğ ³,other,597
598,Mex,list3,-1E+02,metadata,598
599,Mex,list3,'',other,599
600,Other,list2,-1E2,metadata,600
601,Mex,list3,!@#$%^&*(),other,601
602,Mex,list1,",ã€‚ãƒ»:*:ãƒ»ã‚œâ€™( â˜» Ï‰ â˜» )ã€‚ãƒ»:*:ãƒ»ã‚œâ€™",other,602
603,US,list2,"""",metadata,603
604,Other,list2,Ù¡Ù¢Ù£,metadata,604
605,Mex,list1,999999999999999999999999999999999999999999999999999999999999999999999999999999999999999999999999,other,605
606,US,list2,/dev/null; touch /tmp/blns.fail ; echo,other,606
607,US,list2,$1.00,other,607
608,US,list1,0ï¸âƒ£ 1ï¸âƒ£ 2ï¸âƒ£ 3ï¸âƒ£ 4ï¸âƒ£ 5ï¸âƒ£ 6ï¸âƒ£ 7ï¸âƒ£ 8ï¸âƒ£ 9ï¸âƒ£ ğŸ”Ÿ,other,608
609,Mex,list1,0/0,metadata,609
610,Other,list2,1;DROP TABLE users,metadata,610
611,Mex,list2,âœ‹ğŸ¿ ğŸ’ªğŸ¿ ğŸ‘ğŸ¿ ğŸ™ŒğŸ¿ ğŸ‘ğŸ¿ ğŸ™ğŸ¿,metadata,611
612,Other,list3,null,metadata,612
613,Other,list3,-$1.00,other,613
614,US,list2,<script>alert('hi')</script>,other,614
615,US,list3,Â¡â„¢Â£Â¢âˆÂ§Â¶â€¢ÂªÂºâ€“â‰ ,other,615
616,Mex,list1,Å“âˆ‘Â´Â®â€ Â¥Â¨Ë†Ã¸Ï€â€œâ€˜,other,616
617,Other,list1,ï»¿,metadata,617
618,Other,list1,ğ œğ œ±ğ ¹ğ ±“ğ ±¸ğ ²–ğ ³,metadata,618
619,Mex,list1,ãƒ»(ï¿£âˆ€ï¿£)ãƒ»:*:,metadata,619
620,Other,list1,â¦testâ§,metadata,620
621,Other,list3,(ï¾‰à²¥ç›Šà²¥ï¼‰ï¾‰ï»¿ â”»â”â”»,metadata,621
622,Mex,list2,ğŸ‘¾ ğŸ™‡ ğŸ’ ğŸ™… ğŸ™† ğŸ™‹ ğŸ™ ğŸ™ ,metadata,622
623,US,list1,Ë™Énbá´‰lÉ ÉuÆƒÉÉ¯ ÇÉ¹olop Ê‡Ç ÇÉ¹oqÉl Ê‡n Ê‡unpá´‰pá´‰É”uá´‰ É¹odÉ¯ÇÊ‡ poÉ¯sná´‰Ç op pÇs 'Ê‡á´‰lÇ Æƒuá´‰É”sá´‰dá´‰pÉ É¹nÊ‡ÇÊ‡É”ÇsuoÉ” 'Ê‡ÇÉ¯É Ê‡á´‰s É¹olop É¯nsdá´‰ É¯ÇÉ¹oË¥,metadata,623
624,Other,list2,ãƒ‘ãƒ¼ãƒ†ã‚£ãƒ¼ã¸è¡Œã‹ãªã„ã‹,other,624
625,Mex,list3,() { 0; }; touch /tmp/blns.shellshock1.fail;,other,625
626,US,list2,0/0,other,626
627,Other,list2,ğŸ˜,metadata,627
628,Other,list3,ğŸ‘©ğŸ½,metadata,628
629,US,list1,â¦testâ§,other,629
630,Mex,list3,$1.00,other,630
631,Other,list1,testâ testâ€«,metadata,631
632,Other,list1,Ù¡Ù¢Ù£,other,632
633,Mex,list1,ğŸ‘©ğŸ½,other,633
634,Mex,list2,ìš¸ë€ë°”í† ë¥´,metadata,634
635,Mex,list3,Ã¥ÃŸâˆ‚Æ’Â©Ë™âˆ†ËšÂ¬â€¦Ã¦,other,635
636,Other,list2,0/0,other,636
637,US,list1,Å’â€Â´â€°Ë‡ÃÂ¨Ë†Ã˜âˆâ€â€™,other,637
638,Other,list3,"__ï¾›(,_,*)",metadata,638
639,US,list2,TÌ•Ì­ÌºÌºoÍ Ì·iÌ²Ì¬Í‡ÌªÍ™nÌÌ—Í•vÍŸÌŸÌœÌ˜Ì¦oÌ¶Ì™Ì°Ì keÍ€ÍšÌ®ÌºÌªÌ¹Ì±Ì¤ Ì–tÍÌÍ•Ì³Ì£Ì»ÌªhÌ¼Í“Ì²Ì¦Ì³Ì˜Ì²eÍ‡Ì£Ì°Ì¦Ì¬Í Ì¢Ì¼Ì»Ì±Ì˜hÍ…ÍšÍÍ™ÌœÌ£Ì²iÌ¦Ì²Ì£Ì°Ì¤vÌ»ÍeÌºÌ­Ì³ÌªÌ°-mÌ¢iÍ…nÌ–ÌºÌÌ²Ì¯Ì°dÌµÌ¼ÌŸÍ™Ì©Ì¼Ì˜Ì³ ÌÌ¥Ì±Ì³Ì­rÌ›Ì—Ì˜eÍ™pÍ rÌ¼ÌÌ»Ì­Ì—eÍŸÌºÌ Ì£sÌ˜Í‡Ì³ÍÌÍ‰eÍœÍ‰Ì¥Ì¯ÌÌ²ÍšÌ¬nÍ€Ì¬ÍÍÌŸÌ–Í‡Ì¤tÍ˜ÍÌ¬Í…Ì¤Í“Ì¼Ì­iÌªÌ±nÍ gÌ´Í‰ ÍÍ‰Í…cÌ¬ÌŸhÍ¡aÍ˜Ì«Ì»Ì¯oÌ«ÌŸÌ–ÍÌ™ÌÍ‰sÌ—Ì¦Ì².Ì¨Ì¹ÍˆÌ£,metadata,639
640,Other,list2,ç”°ä¸­ã•ã‚“ã«ã‚ã’ã¦ä¸‹ã•ã„,metadata,640
641,US,list3,00Ë™Æ–$-,other,641
642,US,list1,(ï¾‰à²¥ç›Šà²¥ï¼‰ï¾‰ï»¿ â”»â”â”»,other,642
643,Mex,list1,1;DROP TABLE users,metadata,643
644,Other,list1,"""'""'""''''""",metadata,644
645,US,list1,-1E2,other,645
646,Mex,list1,1E2,other,646
647,Other,list2,,other,647
648,Other,list2,Ë™Énbá´‰lÉ ÉuÆƒÉÉ¯ ÇÉ¹olop Ê‡Ç ÇÉ¹oqÉl Ê‡n Ê‡unpá´‰pá´‰É”uá´‰ É¹odÉ¯ÇÊ‡ poÉ¯sná´‰Ç op pÇs 'Ê‡á´‰lÇ Æƒuá´‰É”sá´‰dá´‰pÉ É¹nÊ‡ÇÊ‡É”ÇsuoÉ” 'Ê‡ÇÉ¯É Ê‡á´‰s É¹olop É¯nsdá´‰ É¯ÇÉ¹oË¥,other,648
649,Mex,list2,<svg><script>0<1>alert('XSS')</script>,metadata,649
650,US,list2,ï»¿,metadata,650
651,Other,list3,1/2,metadata,651
652,US,list2,`â„â‚¬â€¹â€ºï¬ï¬‚â€¡Â°Â·â€šâ€”Â±,other,652
653,Mex,list2,"×‘Ö¼Ö°×¨Öµ××©×Ö´×™×ª, ×‘Ö¼Ö¸×¨Ö¸× ×Ö±×œÖ¹×”Ö´×™×, ×Öµ×ª ×”Ö·×©Ö¼×Ö¸×Ö·×™Ö´×, ×•Ö°×Öµ×ª ×”Ö¸×Ö¸×¨Ö¶×¥",metadata,653
654,Mex,list2,"×‘Ö¼Ö°×¨Öµ××©×Ö´×™×ª, ×‘Ö¼Ö¸×¨Ö¸× ×Ö±×œÖ¹×”Ö´×™×, ×Öµ×ª ×”Ö·×©Ö¼×Ö¸×Ö·×™Ö´×, ×•Ö°×Öµ×ª ×”Ö¸×Ö¸×¨Ö¶×¥",other,654
655,Other,list1,â¡,other,655
656,Other,list3,"""'""'""''''""",metadata,656
657,Mex,list1,"×‘Ö¼Ö°×¨Öµ××©×Ö´×™×ª, ×‘Ö¼Ö¸×¨Ö¸× ×Ö±×œÖ¹×”Ö´×™×, ×Öµ×ª ×”Ö·×©Ö¼×Ö¸×Ö·×™Ö´×, ×•Ö°×Öµ×ª ×”Ö¸×Ö¸×¨Ö¶×¥",other,657
658,US,list3,`â„â‚¬â€¹â€ºï¬ï¬‚â€¡Â°Â·â€šâ€”Â±,metadata,658
659,Mex,list3,null,metadata,659
660,Mex,list3,00Ë™Æ–$-,other,660
661,US,list2,â¡,other,661
662,Other,list3,â¦testâ§,other,662
663,Other,list2,-1/2,metadata,663
664,Mex,list1,1E02,metadata,664
665,US,list3,â¢,metadata,665
666,Other,list1,á ,metadata,666
667,US,list3,1.00,other,667
668,Other,list2,éƒ¨è½æ ¼,other,668
669,Other,list2,ãƒ»(ï¿£âˆ€ï¿£)ãƒ»:*:,other,669
670,US,list3,nil,other,670
671,Other,list3,'',other,671
672,Mex,list2,1;DROP TABLE users,other,672
673,Mex,list1,0.00,metadata,673
674,US,list3,Å“âˆ‘Â´Â®â€ Â¥Â¨Ë†Ã¸Ï€â€œâ€˜,other,674
675,US,list1,"__ï¾›(,_,*)",other,675
676,Mex,list2,$1.00,metadata,676
677,US,list2,NULL,metadata,677
678,US,list1,testâ testâ€«,metadata,678
679,US,list1,"Ø«Ù… Ù†ÙØ³ Ø³Ù‚Ø·Øª ÙˆØ¨Ø§Ù„ØªØ­Ø¯ÙŠØ¯ØŒ, Ø¬Ø²ÙŠØ±ØªÙŠ Ø¨Ø§Ø³ØªØ®Ø¯Ø§Ù… Ø£Ù† Ø¯Ù†Ùˆ. Ø¥Ø° Ù‡Ù†Ø§ØŸ Ø§Ù„Ø³ØªØ§Ø± ÙˆØªÙ†ØµÙŠØ¨ ÙƒØ§Ù†. Ø£Ù‡Ù‘Ù„ Ø§ÙŠØ·Ø§Ù„ÙŠØ§ØŒ Ø¨Ø±ÙŠØ·Ø§Ù†ÙŠØ§-ÙØ±Ù†Ø³Ø§ Ù‚Ø¯ Ø£Ø®Ø°. Ø³Ù„ÙŠÙ…Ø§Ù†ØŒ Ø¥ØªÙØ§Ù‚ÙŠØ© Ø¨ÙŠÙ† Ù…Ø§, ÙŠØ°ÙƒØ± Ø§Ù„Ø­Ø¯ÙˆØ¯ Ø£ÙŠ Ø¨Ø¹Ø¯, Ù…Ø¹Ø§Ù…Ù„Ø© Ø¨ÙˆÙ„Ù†Ø¯Ø§ØŒ Ø§Ù„Ø¥Ø·Ù„Ø§Ù‚ Ø¹Ù„ Ø¥ÙŠÙˆ.",metadata,679
680,Mex,list2,"""""",other,680
681,US,list3,-1E+02,metadata,681
682,Mex,list2,ç”°ä¸­ã•ã‚“ã«ã‚ã’ã¦ä¸‹ã•ã„,metadata,682
683,Other,list3,ZÌ®ÌÍ…Ì Í™Í”AÌ¥Ì—ÌÍˆÌ»Ì—LÌ£Í™ÍÌ¯Ì¹ÌÍ“GÌ»OÌ­Ì—Ì®,other,683
684,Mex,list1,-1,metadata,684
685,Other,list3,1E+02,metadata,685
686,US,list1,!@#$%^&*(),metadata,686
687,US,list2,"'""'",other,687
688,Mex,list1,ã€€,metadata,688
689,Other,list1,â¡,other,689
690,US,list3,1/0,metadata,690
691,Other,list1,1/2,other,691
692,Other,list2,1/2,other,692
693,Other,list3,1;DROP TABLE users,metadata,693
694,US,list1,1;DROP TABLE users,metadata,694
695,US,list1,"Ø«Ù… Ù†ÙØ³ Ø³Ù‚Ø·Øª ÙˆØ¨Ø§Ù„ØªØ­Ø¯ÙŠØ¯ØŒ, Ø¬Ø²ÙŠØ±ØªÙŠ Ø¨Ø§Ø³ØªØ®Ø¯Ø§Ù… Ø£Ù† Ø¯Ù†Ùˆ. Ø¥Ø° Ù‡Ù†Ø§ØŸ Ø§Ù„Ø³ØªØ§Ø± ÙˆØªÙ†ØµÙŠØ¨ ÙƒØ§Ù†. Ø£Ù‡Ù‘Ù„ Ø§ÙŠØ·Ø§Ù„ÙŠØ§ØŒ Ø¨Ø±ÙŠØ·Ø§Ù†ÙŠØ§-ÙØ±Ù†Ø³Ø§ Ù‚Ø¯ Ø£Ø®Ø°. Ø³Ù„ÙŠÙ…Ø§Ù†ØŒ Ø¥ØªÙØ§Ù‚ÙŠØ© Ø¨ÙŠÙ† Ù…Ø§, ÙŠØ°ÙƒØ± Ø§Ù„Ø­Ø¯ÙˆØ¯ Ø£ÙŠ Ø¨Ø¹Ø¯, Ù…Ø¹Ø§Ù…Ù„Ø© Ø¨ÙˆÙ„Ù†Ø¯Ø§ØŒ Ø§Ù„Ø¥Ø·Ù„Ø§Ù‚ Ø¹Ù„ Ø¥ÙŠÙˆ.",metadata,695
696,US,list1,ãƒ»(ï¿£âˆ€ï¿£)ãƒ»:*:,other,696
697,Other,list1,1.00,metadata,697
698,Other,list3,"""""",metadata,698
699,US,list3,(ï¾‰à²¥ç›Šà²¥ï¼‰ï¾‰ï»¿ â”»â”â”»,other,699
700,US,list3,(â•¯Â°â–¡Â°ï¼‰â•¯ï¸µ â”»â”â”»)  ,other,700
701,US,list3,-1/2,metadata,701
702,Mex,list2,$1.00,other,702
703,Other,list2,`â„â‚¬â€¹â€ºï¬ï¬‚â€¡Â°Â·â€šâ€”Â±,metadata,703
704,Other,list3,'',metadata,704
705,US,list3,Â¸Ë›Ã‡â—ŠÄ±ËœÃ‚Â¯Ë˜Â¿,metadata,705
706,Other,list3,00Ë™Æ–$-,metadata,706
707,Mex,list3,â€«testâ€«,metadata,707
708,US,list3,"""''''""'""",other,708
709,Other,list2,-1,other,709
710,Other,list3,00Ë™Æ–$-,metadata,710
711,US,list1,Ù¡Ù¢Ù£,metadata,711
712,Other,list2,`â„â‚¬â€¹â€ºï¬ï¬‚â€¡Â°Â·â€šâ€”Â±,metadata,712
713,Mex,list1,1;DROP TABLE users,metadata,713
714,Other,list3,1E+02,metadata,714
715,US,list1,Å“âˆ‘Â´Â®â€ Â¥Â¨Ë†Ã¸Ï€â€œâ€˜,metadata,715
716,Other,list3,00Ë™Æ–$-,other,716
717,Other,list1,-1/2,metadata,717
718,Mex,list3,<script>alert('hi')</script>,other,718
719,Other,list2,Ù¡Ù¢Ù£,other,719
720,US,list1,"""",other,720
721,Mex,list2,1E02,metadata,721
722,Other,list2,1E2,other,722
723,Mex,list1,-1/2,metadata,723
724,Other,list1,ìš¸ë€ë°”í† ë¥´,metadata,724
725,Mex,list1,(ï½¡â—• âˆ€ â—•ï½¡),metadata,725
726,US,list2,(ï½¡â—• âˆ€ â—•ï½¡),metadata,726
727,Other,list1,(â•¯Â°â–¡Â°ï¼‰â•¯ï¸µ â”»â”â”»)  ,other,727
728,Other,list2,0/0,other,728
729,Mex,list3,â£,metadata,729
730,Mex,list1,ãƒ»(ï¿£âˆ€ï¿£)ãƒ»:*:,metadata,730
731,Other,list2,"""",metadata,731
732,US,list1,",ã€‚ãƒ»:*:ãƒ»ã‚œâ€™( â˜» Ï‰ â˜» )ã€‚ãƒ»:*:ãƒ»ã‚œâ€™",other,732
733,Other,list1,-1,metadata,733
734,Mex,list3,â¡,other,734
735,Other,list3,<svg><script>0<1>alert('XSS')</script>,other,735
736,Mex,list1,ğ œğ œ±ğ ¹ğ ±“ğ ±¸ğ ²–ğ ³,other,736
737,Mex,list3,Â¡â„¢Â£Â¢âˆÂ§Â¶â€¢ÂªÂºâ€“â‰ ,other,737
738,Mex,list3,ğ œğ œ±ğ ¹ğ ±“ğ ±¸ğ ²–ğ ³,other,738
739,Mex,list3,ï¾Ÿï½¥âœ¿ãƒ¾â•²(ï½¡â—•â€¿â—•ï½¡)â•±âœ¿ï½¥ï¾Ÿ,metadata,739
740,US,list1,â€«testâ€«,metadata,740
741,Other,list3,"""",metadata,741
742,US,list3,"Ø«Ù… Ù†ÙØ³ Ø³Ù‚Ø·Øª ÙˆØ¨Ø§Ù„ØªØ­Ø¯ÙŠØ¯ØŒ, Ø¬Ø²ÙŠØ±ØªÙŠ Ø¨Ø§Ø³ØªØ®Ø¯Ø§Ù… Ø£Ù† Ø¯Ù†Ùˆ. Ø¥Ø° Ù‡Ù†Ø§ØŸ Ø§Ù„Ø³ØªØ§Ø± ÙˆØªÙ†ØµÙŠØ¨ ÙƒØ§Ù†. Ø£Ù‡Ù‘Ù„ Ø§ÙŠØ·Ø§Ù„ÙŠØ§ØŒ Ø¨Ø±ÙŠØ·Ø§Ù†ÙŠØ§-ÙØ±Ù†Ø³Ø§ Ù‚Ø¯ Ø£Ø®Ø°. Ø³Ù„ÙŠÙ…Ø§Ù†ØŒ Ø¥ØªÙØ§Ù‚ÙŠØ© Ø¨ÙŠÙ† Ù…Ø§, ÙŠØ°ÙƒØ± Ø§Ù„Ø­Ø¯ÙˆØ¯ Ø£ÙŠ Ø¨Ø¹Ø¯, Ù…Ø¹Ø§Ù…Ù„Ø© Ø¨ÙˆÙ„Ù†Ø¯Ø§ØŒ Ø§Ù„Ø¥Ø·Ù„Ø§Ù‚ Ø¹Ù„ Ø¥ÙŠÙˆ.",metadata,742
743,Other,list1,"""''''""'""",metadata,743
744,Other,list2,ç”°ä¸­ã•ã‚“ã«ã‚ã’ã¦ä¸‹ã•ã„,other,744
745,Other,list1,ğŸ˜,metadata,745
746,Mex,list2,`â„â‚¬â€¹â€ºï¬ï¬‚â€¡Â°Â·â€šâ€”Â±,metadata,746
747,Mex,list1,() { _; } >_[$($())] { touch /tmp/blns.shellshock2.fail; },metadata,747
748,Other,list2,áš€,metadata,748
749,Other,list2,-1.00,other,749
750,Other,list2,ï½€ï½¨(Â´âˆ€ï½€âˆ©,metadata,750
751,Mex,list1,1'; DROP TABLE users--,metadata,751
752,US,list3,() { _; } >_[$($())] { touch /tmp/blns.shellshock2.fail; },other,752
753,Mex,list3,1;DROP TABLE users,other,753
754,Mex,list1,testâ testâ€«,other,754
755,Other,list2,áš€,metadata,755
756,US,list1,(â•¯Â°â–¡Â°ï¼‰â•¯ï¸µ â”»â”â”»)  ,metadata,756
757,Other,list1,ğŸš¾ ğŸ†’ ğŸ†“ ğŸ†• ğŸ†– ğŸ†— ğŸ†™ ğŸ§,other,757
758,Mex,list2,../../../../../../../../../../../etc/hosts,other,758
759,US,list2,-$1.00,metadata,759
760,Other,list3,1/0,metadata,760
761,Other,list1,"""''''""'""",other,761
762,Other,list1,",ã€‚ãƒ»:*:ãƒ»ã‚œâ€™( â˜» Ï‰ â˜» )ã€‚ãƒ»:*:ãƒ»ã‚œâ€™",metadata,762
763,US,list3,',other,763
764,Mex,list3,-1E2,other,764
765,US,list2,0.00,other,765
766,Mex,list3,<img src=x onerror=alert('hi') />,metadata,766
767,US,list3,Â¡â„¢Â£Â¢âˆÂ§Â¶â€¢ÂªÂºâ€“â‰ ,metadata,767
768,US,list1,testâ testâ€«,metadata,768
769,Mex,list3,â€‹,metadata,769
770,US,list2,1/2,other,770
771,Mex,list3,"""''''""'""",metadata,771
772,Other,list1,Ì¡Í“Í…ÌIÍÌ—Ì˜Ì¦nÍ‡Í‡Í™vÌ®Ì«okÌ²Ì«Ì™ÍˆiÌ–Í™Ì­Ì¹Ì ÌnÌ¡Ì»Ì®Ì£ÌºgÌ²ÍˆÍ™Ì­Í™Ì¬Í Ì°tÍ”Ì¦hÌÌ²eÌ¢Ì¤ ÍÌ¬Ì²Í–fÌ´Ì˜Í•Ì£eÍ€Í–eÌ£Ì¥Ì©lÍ–Í”ÍšiÍ Í“ÍšÌ¦nÍ–ÍÌ—Í“Ì³Ì®gÍ Ì¨oÍ¡ÍšÌªfÌ˜Ì£Ì¬ Ì–Ì˜Í–ÌŸÍ™Ì®cÒ‰Í”Ì«Í–Í“Í‡Í–Í…hÌµÌ¤Ì£ÍšÍ”aÍÌ—Ì¼Í…Í•oÌ¼Ì£Ì¥sÍ¢Ì±ÍˆÌºÌ–Ì¦Ì».Ì›Ì–ÌÌ Ì«Ì°,metadata,772
773,Other,list3,ã€€,other,773
774,Mex,list1,ğŸ˜,metadata,774
775,US,list3,ãƒ»(ï¿£âˆ€ï¿£)ãƒ»:*:,metadata,775
776,US,list2,"""'""'""''''""",other,776
777,US,list1,Ë™Énbá´‰lÉ ÉuÆƒÉÉ¯ ÇÉ¹olop Ê‡Ç ÇÉ¹oqÉl Ê‡n Ê‡unpá´‰pá´‰É”uá´‰ É¹odÉ¯ÇÊ‡ poÉ¯sná´‰Ç op pÇs 'Ê‡á´‰lÇ Æƒuá´‰É”sá´‰dá´‰pÉ É¹nÊ‡ÇÊ‡É”ÇsuoÉ” 'Ê‡ÇÉ¯É Ê‡á´‰s É¹olop É¯nsdá´‰ É¯ÇÉ¹oË¥,metadata,777
778,US,list2,(â•¯Â°â–¡Â°ï¼‰â•¯ï¸µ â”»â”â”»)  ,metadata,778
779,Mex,list2,ï»¿,metadata,779
780,US,list1,/dev/null; touch /tmp/blns.fail ; echo,metadata,780
781,US,list2,1'; DROP TABLE users--,metadata,781
782,Mex,list3,ï¾Ÿï½¥âœ¿ãƒ¾â•²(ï½¡â—•â€¿â—•ï½¡)â•±âœ¿ï½¥ï¾Ÿ,metadata,782
783,US,list2,1;DROP TABLE users,metadata,783
784,Other,list3,-1/2,other,784
785,Mex,list2,0ï¸âƒ£ 1ï¸âƒ£ 2ï¸âƒ£ 3ï¸âƒ£ 4ï¸âƒ£ 5ï¸âƒ£ 6ï¸âƒ£ 7ï¸âƒ£ 8ï¸âƒ£ 9ï¸âƒ£ ğŸ”Ÿ,metadata,785
786,Other,list2,1/2,metadata,786
787,Other,list1,$1.00,metadata,787
788,Other,list3,ï¾Ÿï½¥âœ¿ãƒ¾â•²(ï½¡â—•â€¿â—•ï½¡)â•±âœ¿ï½¥ï¾Ÿ,other,788
789,Other,list2,$1.00,other,789
790,Other,list3,ğŸ‘©ğŸ½,other,790
791,Other,list3,ğŸ‘¾ ğŸ™‡ ğŸ’ ğŸ™… ğŸ™† ğŸ™‹ ğŸ™ ğŸ™ ,metadata,791
792,US,list1,â°â´âµ,metadata,792
793,Other,list1,(â•¯Â°â–¡Â°ï¼‰â•¯ï¸µ â”»â”â”»)  ,metadata,793
794,Mex,list1,1E2,metadata,794
795,Mex,list1,<img src=x onerror=alert('hi') />,metadata,795
796,Other,list2,"Ø«Ù… Ù†ÙØ³ Ø³Ù‚Ø·Øª ÙˆØ¨Ø§Ù„ØªØ­Ø¯ÙŠØ¯ØŒ, Ø¬Ø²ÙŠØ±ØªÙŠ Ø¨Ø§Ø³ØªØ®Ø¯Ø§Ù… Ø£Ù† Ø¯Ù†Ùˆ. Ø¥Ø° Ù‡Ù†Ø§ØŸ Ø§Ù„Ø³ØªØ§Ø± ÙˆØªÙ†ØµÙŠØ¨ ÙƒØ§Ù†. Ø£Ù‡Ù‘Ù„ Ø§ÙŠØ·Ø§Ù„ÙŠØ§ØŒ Ø¨Ø±ÙŠØ·Ø§Ù†ÙŠØ§-ÙØ±Ù†Ø³Ø§ Ù‚Ø¯ Ø£Ø®Ø°. Ø³Ù„ÙŠÙ…Ø§Ù†ØŒ Ø¥ØªÙØ§Ù‚ÙŠØ© Ø¨ÙŠÙ† Ù…Ø§, ÙŠØ°ÙƒØ± Ø§Ù„Ø­Ø¯ÙˆØ¯ Ø£ÙŠ Ø¨Ø¹Ø¯, Ù…Ø¹Ø§Ù…Ù„Ø© Ø¨ÙˆÙ„Ù†Ø¯Ø§ØŒ Ø§Ù„Ø¥Ø·Ù„Ø§Ù‚ Ø¹Ù„ Ø¥ÙŠÙˆ.",metadata,796
797,Mex,list2,ï»¿,metadata,797
798,US,list2,,metadata,798
799,Mex,list2,á ,metadata,799
800,US,list3,(â•¯Â°â–¡Â°ï¼‰â•¯ï¸µ â”»â”â”»)  ,other,800
801,Other,list2,Ì¡Í“Í…ÌIÍÌ—Ì˜Ì¦nÍ‡Í‡Í™vÌ®Ì«okÌ²Ì«Ì™ÍˆiÌ–Í™Ì­Ì¹Ì ÌnÌ¡Ì»Ì®Ì£ÌºgÌ²ÍˆÍ™Ì­Í™Ì¬Í Ì°tÍ”Ì¦hÌÌ²eÌ¢Ì¤ ÍÌ¬Ì²Í–fÌ´Ì˜Í•Ì£eÍ€Í–eÌ£Ì¥Ì©lÍ–Í”ÍšiÍ Í“ÍšÌ¦nÍ–ÍÌ—Í“Ì³Ì®gÍ Ì¨oÍ¡ÍšÌªfÌ˜Ì£Ì¬ Ì–Ì˜Í–ÌŸÍ™Ì®cÒ‰Í”Ì«Í–Í“Í‡Í–Í…hÌµÌ¤Ì£ÍšÍ”aÍÌ—Ì¼Í…Í•oÌ¼Ì£Ì¥sÍ¢Ì±ÍˆÌºÌ–Ì¦Ì».Ì›Ì–ÌÌ Ì«Ì°,metadata,801
802,Mex,list1,",ã€‚ãƒ»:*:ãƒ»ã‚œâ€™( â˜» Ï‰ â˜» )ã€‚ãƒ»:*:ãƒ»ã‚œâ€™",metadata,802
803,US,list3,Å’â€Â´â€°Ë‡ÃÂ¨Ë†Ã˜âˆâ€â€™,metadata,803
804,US,list1,Â¡â„¢Â£Â¢âˆÂ§Â¶â€¢ÂªÂºâ€“â‰ ,metadata,804
805,Other,list2,ìš¸ë€ë°”í† ë¥´,metadata,805
806,Other,list1,0ï¸âƒ£ 1ï¸âƒ£ 2ï¸âƒ£ 3ï¸âƒ£ 4ï¸âƒ£ 5ï¸âƒ£ 6ï¸âƒ£ 7ï¸âƒ£ 8ï¸âƒ£ 9ï¸âƒ£ ğŸ”Ÿ,metadata,806
807,US,list2,ğŸ‘¾ ğŸ™‡ ğŸ’ ğŸ™… ğŸ™† ğŸ™‹ ğŸ™ ğŸ™ ,other,807
808,Other,list3,â¦testâ§,metadata,808
809,Other,list2,ã€€,other,809
810,US,list1,../../../../../../../../../../../etc/hosts,metadata,810
811,Mex,list2,0.00,metadata,811
812,US,list3,-1E02,other,812
813,Mex,list3,NIL,metadata,813
814,Other,list2,(ï½¡â—• âˆ€ â—•ï½¡),metadata,814
815,Mex,list3,"Ø«Ù… Ù†ÙØ³ Ø³Ù‚Ø·Øª ÙˆØ¨Ø§Ù„ØªØ­Ø¯ÙŠØ¯ØŒ, Ø¬Ø²ÙŠØ±ØªÙŠ Ø¨Ø§Ø³ØªØ®Ø¯Ø§Ù… Ø£Ù† Ø¯Ù†Ùˆ. Ø¥Ø° Ù‡Ù†Ø§ØŸ Ø§Ù„Ø³ØªØ§Ø± ÙˆØªÙ†ØµÙŠØ¨ ÙƒØ§Ù†. Ø£Ù‡Ù‘Ù„ Ø§ÙŠØ·Ø§Ù„ÙŠØ§ØŒ Ø¨Ø±ÙŠØ·Ø§Ù†ÙŠØ§-ÙØ±Ù†Ø³Ø§ Ù‚Ø¯ Ø£Ø®Ø°. Ø³Ù„ÙŠÙ…Ø§Ù†ØŒ Ø¥ØªÙØ§Ù‚ÙŠØ© Ø¨ÙŠÙ† Ù…Ø§, ÙŠØ°ÙƒØ± Ø§Ù„Ø­Ø¯ÙˆØ¯ Ø£ÙŠ Ø¨Ø¹Ø¯, Ù…Ø¹Ø§Ù…Ù„Ø© Ø¨ÙˆÙ„Ù†Ø¯Ø§ØŒ Ø§Ù„Ø¥Ø·Ù„Ø§Ù‚ Ø¹Ù„ Ø¥ÙŠÙˆ.",other,815
816,Other,list2,ï¾Ÿï½¥âœ¿ãƒ¾â•²(ï½¡â—•â€¿â—•ï½¡)â•±âœ¿ï½¥ï¾Ÿ,metadata,816
817,US,list1,"×‘Ö¼Ö°×¨Öµ××©×Ö´×™×ª, ×‘Ö¼Ö¸×¨Ö¸× ×Ö±×œÖ¹×”Ö´×™×, ×Öµ×ª ×”Ö·×©Ö¼×Ö¸×Ö·×™Ö´×, ×•Ö°×Öµ×ª ×”Ö¸×Ö¸×¨Ö¶×¥",other,817
818,Mex,list1,"Ø«Ù… Ù†ÙØ³ Ø³Ù‚Ø·Øª ÙˆØ¨Ø§Ù„ØªØ­Ø¯ÙŠØ¯ØŒ, Ø¬Ø²ÙŠØ±ØªÙŠ Ø¨Ø§Ø³ØªØ®Ø¯Ø§Ù… Ø£Ù† Ø¯Ù†Ùˆ. Ø¥Ø° Ù‡Ù†Ø§ØŸ Ø§Ù„Ø³ØªØ§Ø± ÙˆØªÙ†ØµÙŠØ¨ ÙƒØ§Ù†. Ø£Ù‡Ù‘Ù„ Ø§ÙŠØ·Ø§Ù„ÙŠØ§ØŒ Ø¨Ø±ÙŠØ·Ø§Ù†ÙŠØ§-ÙØ±Ù†Ø³Ø§ Ù‚Ø¯ Ø£Ø®Ø°. Ø³Ù„ÙŠÙ…Ø§Ù†ØŒ Ø¥ØªÙØ§Ù‚ÙŠØ© Ø¨ÙŠÙ† Ù…Ø§, ÙŠØ°ÙƒØ± Ø§Ù„Ø­Ø¯ÙˆØ¯ Ø£ÙŠ Ø¨Ø¹Ø¯, Ù…Ø¹Ø§Ù…Ù„Ø© Ø¨ÙˆÙ„Ù†Ø¯Ø§ØŒ Ø§Ù„Ø¥Ø·Ù„Ø§Ù‚ Ø¹Ù„ Ø¥ÙŠÙˆ.",metadata,818
819,US,list2,â€‹,metadata,819
820,Mex,list3,ğŸš¾ ğŸ†’ ğŸ†“ ğŸ†• ğŸ†– ğŸ†— ğŸ†™ ğŸ§,metadata,820
821,US,list3,<script>alert('hi')</script>,other,821
822,US,list1,Ë™Énbá´‰lÉ ÉuÆƒÉÉ¯ ÇÉ¹olop Ê‡Ç ÇÉ¹oqÉl Ê‡n Ê‡unpá´‰pá´‰É”uá´‰ É¹odÉ¯ÇÊ‡ poÉ¯sná´‰Ç op pÇs 'Ê‡á´‰lÇ Æƒuá´‰É”sá´‰dá´‰pÉ É¹nÊ‡ÇÊ‡É”ÇsuoÉ” 'Ê‡ÇÉ¯É Ê‡á´‰s É¹olop É¯nsdá´‰ É¯ÇÉ¹oË¥,other,822
823,Other,list2,"×‘Ö¼Ö°×¨Öµ××©×Ö´×™×ª, ×‘Ö¼Ö¸×¨Ö¸× ×Ö±×œÖ¹×”Ö´×™×, ×Öµ×ª ×”Ö·×©Ö¼×Ö¸×Ö·×™Ö´×, ×•Ö°×Öµ×ª ×”Ö¸×Ö¸×¨Ö¶×¥",other,823
824,Mex,list3,Â¸Ë›Ã‡â—ŠÄ±ËœÃ‚Â¯Ë˜Â¿,other,824
825,US,list2,-1E+02,metadata,825
826,Mex,list3,"'""'",metadata,826
827,US,list1,ï»¿,other,827
828,US,list1,ğŸ‘©ğŸ½,other,828
829,Other,list1,',other,829
830,Mex,list2,å’Œè£½æ¼¢èª,other,830
831,Other,list3,00Ë™Æ–$-,metadata,831
832,US,list2,"×‘Ö¼Ö°×¨Öµ××©×Ö´×™×ª, ×‘Ö¼Ö¸×¨Ö¸× ×Ö±×œÖ¹×”Ö´×™×, ×Öµ×ª ×”Ö·×©Ö¼×Ö¸×Ö·×™Ö´×, ×•Ö°×Öµ×ª ×”Ö¸×Ö¸×¨Ö¶×¥",metadata,832
833,Mex,list1,null,metadata,833
834,US,list2,"""''''""'""",other,834
835,US,list2,ãƒ»(ï¿£âˆ€ï¿£)ãƒ»:*:,other,835
836,Other,list1,ZÌ®ÌÍ…Ì Í™Í”AÌ¥Ì—ÌÍˆÌ»Ì—LÌ£Í™ÍÌ¯Ì¹ÌÍ“GÌ»OÌ­Ì—Ì®,other,836
837,US,list1,å’Œè£½æ¼¢èª,metadata,837
838,Other,list3,ï»¿,metadata,838
839,Mex,list3,1/0,other,839
840,Mex,list3,á ,other,840
841,US,list2,NIL,metadata,841
842,Other,list2,ã€€,metadata,842
843,Other,list2,Ù¡Ù¢Ù£,other,843
844,Other,list2,Â¸Ë›Ã‡â—ŠÄ±ËœÃ‚Â¯Ë˜Â¿,metadata,844
845,US,list2,â€ªâ€ªtestâ€ª,metadata,845
846,US,list3,â¦testâ§,metadata,846
847,Mex,list1,ãƒ»(ï¿£âˆ€ï¿£)ãƒ»:*:,metadata,847
848,Mex,list3,Å’â€Â´â€°Ë‡ÃÂ¨Ë†Ã˜âˆâ€â€™,other,848
849,Other,list3,/dev/null; touch /tmp/blns.fail ; echo,metadata,849
850,Mex,list3,â¡,metadata,850
851,Other,list3,$1.00,metadata,851
852,Other,list1,ğŸš¾ ğŸ†’ ğŸ†“ ğŸ†• ğŸ†– ğŸ†— ğŸ†™ ğŸ§,other,852
853,US,list2,<svg><script>0<1>alert('XSS')</script>,other,853
854,Other,list3,ï¾Ÿï½¥âœ¿ãƒ¾â•²(ï½¡â—•â€¿â—•ï½¡)â•±âœ¿ï½¥ï¾Ÿ,other,854
855,US,list3,1,metadata,855
856,Other,list3,"Ø«Ù… Ù†ÙØ³ Ø³Ù‚Ø·Øª ÙˆØ¨Ø§Ù„ØªØ­Ø¯ÙŠØ¯ØŒ, Ø¬Ø²ÙŠØ±ØªÙŠ Ø¨Ø§Ø³ØªØ®Ø¯Ø§Ù… Ø£Ù† Ø¯Ù†Ùˆ. Ø¥Ø° Ù‡Ù†Ø§ØŸ Ø§Ù„Ø³ØªØ§Ø± ÙˆØªÙ†ØµÙŠØ¨ ÙƒØ§Ù†. Ø£Ù‡Ù‘Ù„ Ø§ÙŠØ·Ø§Ù„ÙŠØ§ØŒ Ø¨Ø±ÙŠØ·Ø§Ù†ÙŠØ§-ÙØ±Ù†Ø³Ø§ Ù‚Ø¯ Ø£Ø®Ø°. Ø³Ù„ÙŠÙ…Ø§Ù†ØŒ Ø¥ØªÙØ§Ù‚ÙŠØ© Ø¨ÙŠÙ† Ù…Ø§, ÙŠØ°ÙƒØ± Ø§Ù„Ø­Ø¯ÙˆØ¯ Ø£ÙŠ Ø¨Ø¹Ø¯, Ù…Ø¹Ø§Ù…Ù„Ø© Ø¨ÙˆÙ„Ù†Ø¯Ø§ØŒ Ø§Ù„Ø¥Ø·Ù„Ø§Ù‚ Ø¹Ù„ Ø¥ÙŠÙˆ.",metadata,856
857,Other,list2,-1E+02,other,857
858,Mex,list1,ğŸ˜,metadata,858
859,US,list2,â€‹,metadata,859
860,US,list1,",ã€‚ãƒ»:*:ãƒ»ã‚œâ€™( â˜» Ï‰ â˜» )ã€‚ãƒ»:*:ãƒ»ã‚œâ€™",metadata,860
861,Mex,list3,Ã¥ÃŸâˆ‚Æ’Â©Ë™âˆ†ËšÂ¬â€¦Ã¦,metadata,861
862,US,list3,testâ testâ€«,metadata,862
863,Other,list2,null,metadata,863
864,Mex,list3,Ì¦HÍÌ¬Ì¤Ì—Ì¤eÍœ ÍÌœÌ¥ÌÌ»ÍÌŸwÌ•hÌ–Ì¯Í“oÌÍ™Ì–ÍÌ±Ì® Ò‰ÌºÌ™ÌÌŸÍˆWÌ·Ì¼Ì­aÌºÌªÍiÌ¨ÍˆÍ•Ì­Í™Ì¯ÌœtÌ¶Ì¼Ì®sÌ•Ì˜Í™Í– Ì Ì«Ì BÌ»ÍÍ…Í™Í‰Ì³eÌµhÌµÌ¬Í‡Ì«Í™iÌ•Ì¹Í“Ì³Ì³Ì®ÍÌ«nÍŸdÌ´ÌªÌœÌ– ÍÌ°Í‰Ì©Í…Í‡Í™Ì²TÍ¢Í–Ì¼Í“ÌªhÍÍ“Ì®Ì»eÌ¬ÌÍ…ÌŸ Ì¤Ì¹ÌWÍÍ…Í™ÌÌÍ”Í‡aÍÍ“Í”Ì¹Ì¼Ì£lÌ´Í”Ì°Ì¤ÌŸÍ”lÌ­Ì«.Í•,metadata,864
865,Mex,list1,âœ‹ğŸ¿ ğŸ’ªğŸ¿ ğŸ‘ğŸ¿ ğŸ™ŒğŸ¿ ğŸ‘ğŸ¿ ğŸ™ğŸ¿,other,865
866,US,list2,Ë™Énbá´‰lÉ ÉuÆƒÉÉ¯ ÇÉ¹olop Ê‡Ç ÇÉ¹oqÉl Ê‡n Ê‡unpá´‰pá´‰É”uá´‰ É¹odÉ¯ÇÊ‡ poÉ¯sná´‰Ç op pÇs 'Ê‡á´‰lÇ Æƒuá´‰É”sá´‰dá´‰pÉ É¹nÊ‡ÇÊ‡É”ÇsuoÉ” 'Ê‡ÇÉ¯É Ê‡á´‰s É¹olop É¯nsdá´‰ É¯ÇÉ¹oË¥,metadata,866
867,Other,list1,"""''''""'""",metadata,867
868,Mex,list3,-1E02,metadata,868
869,Other,list1,`â„â‚¬â€¹â€ºï¬ï¬‚â€¡Â°Â·â€šâ€”Â±,metadata,869
870,US,list1,"×‘Ö¼Ö°×¨Öµ××©×Ö´×™×ª, ×‘Ö¼Ö¸×¨Ö¸× ×Ö±×œÖ¹×”Ö´×™×, ×Öµ×ª ×”Ö·×©Ö¼×Ö¸×Ö·×™Ö´×, ×•Ö°×Öµ×ª ×”Ö¸×Ö¸×¨Ö¶×¥",other,870
871,Other,list2,â°â´âµ,other,871
872,US,list3,éƒ¨è½æ ¼,other,872
873,US,list2,null,metadata,873
874,Other,list3,1;DROP TABLE users,metadata,874
875,Other,list2,ï¾Ÿï½¥âœ¿ãƒ¾â•²(ï½¡â—•â€¿â—•ï½¡)â•±âœ¿ï½¥ï¾Ÿ,metadata,875
876,Mex,list1,Î©â‰ˆÃ§âˆšâˆ«ËœÂµâ‰¤â‰¥Ã·,other,876
877,Mex,list3,ğŸ‘¾ ğŸ™‡ ğŸ’ ğŸ™… ğŸ™† ğŸ™‹ ğŸ™ ğŸ™ ,other,877
878,Mex,list2,999999999999999999999999999999999999999999999999999999999999999999999999999999999999999999999999,metadata,878
879,Other,list2,ì‚¬íšŒê³¼í•™ì› ì–´í•™ì—°êµ¬ì†Œ,other,879
880,Mex,list3,(â•¯Â°â–¡Â°ï¼‰â•¯ï¸µ â”»â”â”»)  ,metadata,880
881,Other,list1,ãƒ‘ãƒ¼ãƒ†ã‚£ãƒ¼ã¸è¡Œã‹ãªã„ã‹,other,881
882,Other,list2,() { _; } >_[$($())] { touch /tmp/blns.shellshock2.fail; },other,882
883,Mex,list2,!@#$%^&*(),metadata,883
884,Mex,list3,ğŸ‘¾ ğŸ™‡ ğŸ’ ğŸ™… ğŸ™† ğŸ™‹ ğŸ™ ğŸ™ ,metadata,884
885,US,list3,"__ï¾›(,_,*)",other,885
886,Mex,list2,',other,886
887,Mex,list1,ZÌ®ÌÍ…Ì Í™Í”AÌ¥Ì—ÌÍˆÌ»Ì—LÌ£Í™ÍÌ¯Ì¹ÌÍ“GÌ»OÌ­Ì—Ì®,metadata,887
888,Mex,list3,ï¼‘ï¼’ï¼“,other,888
889,Other,list3,ï½€ï½¨(Â´âˆ€ï½€âˆ©,other,889
890,US,list3,ğŸµ ğŸ™ˆ ğŸ™‰ ğŸ™Š,metadata,890
891,Mex,list1,1E02,metadata,891
892,Other,list2,NIL,other,892
893,US,list3,<img src=x onerror=alert('hi') />,metadata,893
894,Other,list3,() { 0; }; touch /tmp/blns.shellshock1.fail;,metadata,894
895,US,list2,ç¤¾æœƒç§‘å­¸é™¢èªå­¸ç ”ç©¶æ‰€,other,895
896,US,list1,Â¸Ë›Ã‡â—ŠÄ±ËœÃ‚Â¯Ë˜Â¿,other,896
897,Other,list2,Ù¡Ù¢Ù£,other,897
898,US,list1,â€‹,metadata,898
899,US,list1,,other,899
900,US,list3,ç¤¾æœƒç§‘å­¸é™¢èªå­¸ç ”ç©¶æ‰€,metadata,900
901,Other,list2,ãƒ‘ãƒ¼ãƒ†ã‚£ãƒ¼ã¸è¡Œã‹ãªã„ã‹,other,901
902,US,list3,1/0,metadata,902
903,Mex,list3,-1/2,metadata,903
904,Mex,list1,-1E2,other,904
905,Mex,list3,1E2,metadata,905
906,US,list3,ã€€,metadata,906
907,Other,list3,0/0,metadata,907
908,Other,list2,â¡,metadata,908
909,Mex,list1,â€ªâ€ªtestâ€ª,other,909
910,Other,list1,Ù¡Ù¢Ù£,metadata,910
911,Mex,list2,<svg><script>0<1>alert('XSS')</script>,metadata,911
912,Mex,list2,-$1.00,other,912
913,US,list1,"""'""'""''''""",other,913
914,Mex,list1,âœ‹ğŸ¿ ğŸ’ªğŸ¿ ğŸ‘ğŸ¿ ğŸ™ŒğŸ¿ ğŸ‘ğŸ¿ ğŸ™ğŸ¿,metadata,914
915,Mex,list2,Ì¡Í“Í…ÌIÍÌ—Ì˜Ì¦nÍ‡Í‡Í™vÌ®Ì«okÌ²Ì«Ì™ÍˆiÌ–Í™Ì­Ì¹Ì ÌnÌ¡Ì»Ì®Ì£ÌºgÌ²ÍˆÍ™Ì­Í™Ì¬Í Ì°tÍ”Ì¦hÌÌ²eÌ¢Ì¤ ÍÌ¬Ì²Í–fÌ´Ì˜Í•Ì£eÍ€Í–eÌ£Ì¥Ì©lÍ–Í”ÍšiÍ Í“ÍšÌ¦nÍ–ÍÌ—Í“Ì³Ì®gÍ Ì¨oÍ¡ÍšÌªfÌ˜Ì£Ì¬ Ì–Ì˜Í–ÌŸÍ™Ì®cÒ‰Í”Ì«Í–Í“Í‡Í–Í…hÌµÌ¤Ì£ÍšÍ”aÍÌ—Ì¼Í…Í•oÌ¼Ì£Ì¥sÍ¢Ì±ÍˆÌºÌ–Ì¦Ì».Ì›Ì–ÌÌ Ì«Ì°,metadata,915
916,Mex,list1,1E2,other,916
917,Other,list1,"×‘Ö¼Ö°×¨Öµ××©×Ö´×™×ª, ×‘Ö¼Ö¸×¨Ö¸× ×Ö±×œÖ¹×”Ö´×™×, ×Öµ×ª ×”Ö·×©Ö¼×Ö¸×Ö·×™Ö´×, ×•Ö°×Öµ×ª ×”Ö¸×Ö¸×¨Ö¶×¥",other,917
918,Mex,list3,-1E2,metadata,918
919,Mex,list2,0/0,other,919
920,Other,list3,Â¡â„¢Â£Â¢âˆÂ§Â¶â€¢ÂªÂºâ€“â‰ ,metadata,920
921,US,list2,'',other,921
922,Mex,list3,ZÌ®ÌÍ…Ì Í™Í”AÌ¥Ì—ÌÍˆÌ»Ì—LÌ£Í™ÍÌ¯Ì¹ÌÍ“GÌ»OÌ­Ì—Ì®,metadata,922
923,Mex,list3,ğŸ‘©ğŸ½,metadata,923
924,US,list3,ğŸš¾ ğŸ†’ ğŸ†“ ğŸ†• ğŸ†– ğŸ†— ğŸ†™ ğŸ§,metadata,924
925,Other,list1,â€«testâ€«,other,925
926,US,list2,1;DROP TABLE users,other,926
927,US,list2,-1E+02,metadata,927
928,Other,list1,éƒ¨è½æ ¼,metadata,928
929,US,list3,1'; DROP TABLE users--,metadata,929
930,US,list3,ç”°ä¸­ã•ã‚“ã«ã‚ã’ã¦ä¸‹ã•ã„,metadata,930
931,Other,list2,ãƒ»(ï¿£âˆ€ï¿£)ãƒ»:*:,metadata,931
932,Mex,list1,Ë™Énbá´‰lÉ ÉuÆƒÉÉ¯ ÇÉ¹olop Ê‡Ç ÇÉ¹oqÉl Ê‡n Ê‡unpá´‰pá´‰É”uá´‰ É¹odÉ¯ÇÊ‡ poÉ¯sná´‰Ç op pÇs 'Ê‡á´‰lÇ Æƒuá´‰É”sá´‰dá´‰pÉ É¹nÊ‡ÇÊ‡É”ÇsuoÉ” 'Ê‡ÇÉ¯É Ê‡á´‰s É¹olop É¯nsdá´‰ É¯ÇÉ¹oË¥,metadata,932
933,Other,list2,"'""'",metadata,933
934,Other,list2,ì‚¬íšŒê³¼í•™ì› ì–´í•™ì—°êµ¬ì†Œ,metadata,934
935,Other,list1,â€©testâ€©,other,935
936,US,list3,NULL,metadata,936
937,Other,list3,ãƒ½à¼¼àºˆÙ„Íœàºˆà¼½ï¾‰ ãƒ½à¼¼àºˆÙ„Íœàºˆà¼½ï¾‰ ,metadata,937
938,Other,list1,TÌ•Ì­ÌºÌºoÍ Ì·iÌ²Ì¬Í‡ÌªÍ™nÌÌ—Í•vÍŸÌŸÌœÌ˜Ì¦oÌ¶Ì™Ì°Ì keÍ€ÍšÌ®ÌºÌªÌ¹Ì±Ì¤ Ì–tÍÌÍ•Ì³Ì£Ì»ÌªhÌ¼Í“Ì²Ì¦Ì³Ì˜Ì²eÍ‡Ì£Ì°Ì¦Ì¬Í Ì¢Ì¼Ì»Ì±Ì˜hÍ…ÍšÍÍ™ÌœÌ£Ì²iÌ¦Ì²Ì£Ì°Ì¤vÌ»ÍeÌºÌ­Ì³ÌªÌ°-mÌ¢iÍ…nÌ–ÌºÌÌ²Ì¯Ì°dÌµÌ¼ÌŸÍ™Ì©Ì¼Ì˜Ì³ ÌÌ¥Ì±Ì³Ì­rÌ›Ì—Ì˜eÍ™pÍ rÌ¼ÌÌ»Ì­Ì—eÍŸÌºÌ Ì£sÌ˜Í‡Ì³ÍÌÍ‰eÍœÍ‰Ì¥Ì¯ÌÌ²ÍšÌ¬nÍ€Ì¬ÍÍÌŸÌ–Í‡Ì¤tÍ˜ÍÌ¬Í…Ì¤Í“Ì¼Ì­iÌªÌ±nÍ gÌ´Í‰ ÍÍ‰Í…cÌ¬ÌŸhÍ¡aÍ˜Ì«Ì»Ì¯oÌ«ÌŸÌ–ÍÌ™ÌÍ‰sÌ—Ì¦Ì².Ì¨Ì¹ÍˆÌ£,metadata,938
939,Mex,list2,/dev/null; touch /tmp/blns.fail ; echo,other,939
940,US,list1,',metadata,940
941,Other,list2,ï»¿,other,941
942,US,list3,"__ï¾›(,_,*)",metadata,942
943,Mex,list3,ğ œğ œ±ğ ¹ğ ±“ğ ±¸ğ ²–ğ ³,metadata,943
944,US,list1,1E2,other,944
945,Other,list2,-$1.00,metadata,945
946,Mex,list2,"""'""'""''''""",metadata,946
947,US,list2,ZÌ®ÌÍ…Ì Í™Í”AÌ¥Ì—ÌÍˆÌ»Ì—LÌ£Í™ÍÌ¯Ì¹ÌÍ“GÌ»OÌ­Ì—Ì®,other,947
948,US,list1,",ã€‚ãƒ»:*:ãƒ»ã‚œâ€™( â˜» Ï‰ â˜» )ã€‚ãƒ»:*:ãƒ»ã‚œâ€™",other,948
949,Other,list3,",ã€‚ãƒ»:*:ãƒ»ã‚œâ€™( â˜» Ï‰ â˜» )ã€‚ãƒ»:*:ãƒ»ã‚œâ€™",metadata,949
950,Other,list2,å’Œè£½æ¼¢èª,other,950
951,Other,list2,(ï½¡â—• âˆ€ â—•ï½¡),other,951
952,Mex,list2,â¢,other,952
953,Other,list2,â‚€â‚â‚‚,metadata,953
954,US,list1,-1.00,metadata,954
955,Mex,list2,áš€,other,955
956,Mex,list3,ãƒ»(ï¿£âˆ€ï¿£)ãƒ»:*:,metadata,956
957,Other,list1,nil,other,957
958,Mex,list3,<img src=x onerror=alert('hi') />,metadata,958
959,US,list2,'',metadata,959
960,Other,list1,éƒ¨è½æ ¼,other,960
961,Other,list3,',other,961
962,Other,list1,ãƒ»(ï¿£âˆ€ï¿£)ãƒ»:*:,other,962
963,Mex,list3,1/0,metadata,963
964,Mex,list1,-1/2,metadata,964
965,Mex,list3,"Ø«Ù… Ù†ÙØ³ Ø³Ù‚Ø·Øª ÙˆØ¨Ø§Ù„ØªØ­Ø¯ÙŠØ¯ØŒ, Ø¬Ø²ÙŠØ±ØªÙŠ Ø¨Ø§Ø³ØªØ®Ø¯Ø§Ù… Ø£Ù† Ø¯Ù†Ùˆ. Ø¥Ø° Ù‡Ù†Ø§ØŸ Ø§Ù„Ø³ØªØ§Ø± ÙˆØªÙ†ØµÙŠØ¨ ÙƒØ§Ù†. Ø£Ù‡Ù‘Ù„ Ø§ÙŠØ·Ø§Ù„ÙŠØ§ØŒ Ø¨Ø±ÙŠØ·Ø§Ù†ÙŠØ§-ÙØ±Ù†Ø³Ø§ Ù‚Ø¯ Ø£Ø®Ø°. Ø³Ù„ÙŠÙ…Ø§Ù†ØŒ Ø¥ØªÙØ§Ù‚ÙŠØ© Ø¨ÙŠÙ† Ù…Ø§, ÙŠØ°ÙƒØ± Ø§Ù„Ø­Ø¯ÙˆØ¯ Ø£ÙŠ Ø¨Ø¹Ø¯, Ù…Ø¹Ø§Ù…Ù„Ø© Ø¨ÙˆÙ„Ù†Ø¯Ø§ØŒ Ø§Ù„Ø¥Ø·Ù„Ø§Ù‚ Ø¹Ù„ Ø¥ÙŠÙˆ.",metadata,965
966,Other,list1,ì‚¬íšŒê³¼í•™ì› ì–´í•™ì—°êµ¬ì†Œ,metadata,966
967,Other,list1,../../../../../../../../../../../etc/hosts,metadata,967
968,US,list2,`â„â‚¬â€¹â€ºï¬ï¬‚â€¡Â°Â·â€šâ€”Â±,metadata,968
969,US,list1,å’Œè£½æ¼¢èª,metadata,969
970,US,list3,á ,other,970
971,US,list2,ãƒ‘ãƒ¼ãƒ†ã‚£ãƒ¼ã¸è¡Œã‹ãªã„ã‹,other,971
972,US,list2,ï»¿,other,972
973,US,list3,/dev/null; touch /tmp/blns.fail ; echo,other,973
974,Other,list1,0.00,metadata,974
975,Other,list1,ã€€,metadata,975
976,Mex,list2,éƒ¨è½æ ¼,metadata,976
977,US,list1,ğ œğ œ±ğ ¹ğ ±“ğ ±¸ğ ²–ğ ³,metadata,977
978,US,list1,1.00,metadata,978
979,US,list1,"'""'",metadata,979
980,Mex,list2,ì‚¬íšŒê³¼í•™ì› ì–´í•™ì—°êµ¬ì†Œ,other,980
981,Other,list3,testâ testâ€«,other,981
982,US,list3,<img src=x onerror=alert('hi') />,metadata,982
983,Mex,list1,Â¸Ë›Ã‡â—ŠÄ±ËœÃ‚Â¯Ë˜Â¿,other,983
984,Other,list1,-$1.00,other,984
985,Mex,list2,-1,other,985
986,Mex,list3,ç¤¾æœƒç§‘å­¸é™¢èªå­¸ç ”ç©¶æ‰€,other,986
987,Other,list1,nil,metadata,987
988,Mex,list2,"<>?:""{}|_+",other,988
989,US,list3,ğŸ‘¾ ğŸ™‡ ğŸ’ ğŸ™… ğŸ™† ğŸ™‹ ğŸ™ ğŸ™ ,metadata,989
990,Other,list3,-1.00,metadata,990
991,Mex,list1,`â„â‚¬â€¹â€ºï¬ï¬‚â€¡Â°Â·â€šâ€”Â±,other,991
992,US,list2,éƒ¨è½æ ¼,other,992
993,Mex,list2,Å’â€Â´â€°Ë‡ÃÂ¨Ë†Ã˜âˆâ€â€™,metadata,993
994,Mex,list2,Ì¡Í“Í…ÌIÍÌ—Ì˜Ì¦nÍ‡Í‡Í™vÌ®Ì«okÌ²Ì«Ì™ÍˆiÌ–Í™Ì­Ì¹Ì ÌnÌ¡Ì»Ì®Ì£ÌºgÌ²ÍˆÍ™Ì­Í™Ì¬Í Ì°tÍ”Ì¦hÌÌ²eÌ¢Ì¤ ÍÌ¬Ì²Í–fÌ´Ì˜Í•Ì£eÍ€Í–eÌ£Ì¥Ì©lÍ–Í”ÍšiÍ Í“ÍšÌ¦nÍ–ÍÌ—Í“Ì³Ì®gÍ Ì¨oÍ¡ÍšÌªfÌ˜Ì£Ì¬ Ì–Ì˜Í–ÌŸÍ™Ì®cÒ‰Í”Ì«Í–Í“Í‡Í–Í…hÌµÌ¤Ì£ÍšÍ”aÍÌ—Ì¼Í…Í•oÌ¼Ì£Ì¥sÍ¢Ì±ÍˆÌºÌ–Ì¦Ì».Ì›Ì–ÌÌ Ì«Ì°,other,994
995,US,list1,Ù¡Ù¢Ù£,metadata,995
996,Other,list1,ã€€,other,996
997,Mex,list2,-$1.00,metadata,997
998,Mex,list2,"__ï¾›(,_,*)",other,998
999,Other,list3,00Ë™Æ–$-,metadata,999
1000,Mex,list2,Â¡â„¢Â£Â¢âˆÂ§Â¶â€¢ÂªÂºâ€“â‰ ,other,1000
